Workbook
Name _10_noninc.log: 'int - 4k'!#REF!
Name _10_noninc.log_1: 'int - 2k'!#REF!
Name _10p.log: 'int - 10k'!$B$3:$C$71
Name _10p.log: 'int - 10p'!$B$3:$C$71
Name _10p.log: 'int - 2k'!$B$3:$C$71
Name _10p.log: 'int - 4k'!$B$2:$C$71
Name _10p.log: 'int - 6k'!$B$3:$C$71
Name _10p.log: 'int - 8k'!$B$3:$C$71
Name _10p.log: 'int - empty'!$B$3:$C$71
Name _10p.log: 'str - 10k'!$B$3:$C$71
Name _10p.log: 'str - 10p'!$B$3:$C$71
Name _10p.log: 'str - 2k'!$B$3:$C$71
Name _10p.log: 'str - 4k'!$B$3:$C$71
Name _10p.log: 'str - 6k'!$B$3:$C$71
Name _10p.log: 'str - 8k'!$B$3:$C$71
Name _10p.log_1: 'int - 10k'!#REF!
Name _10p.log_1: 'int - 4k'!#REF!
Name _10p.log_1: 'int - 6k'!#REF!
Name _10p.log_1: 'str - 10k'!#REF!
Name _10p.log_1: 'str - 4k'!#REF!
Name _10p.log_1: 'str - 6k'!#REF!
Name _10p.log_1: 'str - 8k'!#REF!
Name _10p.log_2: 'str - 10k'!#REF!
Name _10p.log_2: 'str - 6k'!#REF!
Name _10p.log_2: 'str - 8k'!#REF!
Name _12p.log: 'int - 10k'!#REF!
Name _12p.log: 'int - 6k'!#REF!
Name _12p.log: 'str - 6k'!#REF!
Name _12p.log: 'str - 8k'!#REF!
Name _14p.log: 'int - 10k'!#REF!
Name _14p.log: 'int - 6k'!#REF!
Name _14p.log: 'str - 6k'!#REF!
Name _15_noninc.log: 'int - 4k'!#REF!
Name _15p.log: 'int - 4k'!#REF!
Name _15p.log: 'str - 10k'!#REF!
Name _15p.log: 'str - 4k'!#REF!
Name _15p.log: 'str - 6k'!#REF!
Name _15p.log: 'str - 8k'!#REF!
Name _16p.log: 'int - 6k'!#REF!
Name _16p.log: 'str - 6k'!#REF!
Name _18p.log: 'int - 6k'!#REF!
Name _20_noninc.log: 'int - 2k'!#REF!
Name _20_noninc.log: 'int - 4k'!#REF!
Name _20_noninc.log_1: 'int - 2k'!#REF!
Name _20p.log: 'int - 10k'!$C$3:$C$68
Name _20p.log: 'int - 10p'!$C$3:$C$68
Name _20p.log: 'int - 2k'!$C$3:$C$68
Name _20p.log: 'int - 4k'!$C$2:$C$68
Name _20p.log: 'int - 6k'!$C$3:$C$68
Name _20p.log: 'int - 8k'!$C$3:$C$68
Name _20p.log: 'int - empty'!$C$3:$C$68
Name _20p.log: 'str - 10k'!$C$3:$C$68
Name _20p.log: 'str - 10p'!$C$3:$C$68
Name _20p.log: 'str - 2k'!$C$3:$C$68
Name _20p.log: 'str - 4k'!$C$3:$C$68
Name _20p.log: 'str - 6k'!$C$3:$C$68
Name _20p.log: 'str - 8k'!$C$3:$C$68
Name _20p.log_1: 'int - 4k'!#REF!
Name _20p.log_1: 'int - 6k'!#REF!
Name _20p.log_1: 'str - 10k'!#REF!

Sheet int - 2k
A1: scalabilityInt - tuples/peer: | B1: 2k
A2: #peers | B2: 10 | C2: 20 | D2: 30 | E2: 40 | F2: 50 | G2: 60 | H2: 70
A3: initial solution
A4: RUN 1 | B4: 8049 | C4: 27971 | D4: 46769 | E4: 87196 | F4: 89045 | G4: 117578 | H4: 117687
A5: RUN 2 | B5: 5959 | C5: 24445 | D5: 40810 | E5: 70983 | F5: 92041 | G5: 130292 | H5: 122351
A6: RUN 3 | B6: 5928 | C6: 24133 | D6: 40592 | E6: 70250 | F6: 79171 | G6: 123678 | H6: 107781
A7: RUN 4 | B7: 5959 | C7: 24195 | D7: 40607 | E7: 70435 | F7: 77923 | G7: 130588 | H7: 105316
A8: RUN 5 | B8: 5975 | C8: 24523 | D8: 41028 | E8: 70576 | F8: 77299 | G8: 117578 | H8: 103116
A9: AVG | B9: =(SUM(B4:B8) -MAX(B4:B8) -MIN(B4:B8))/((COUNT(B4:B8)-2)*1000) -> 5.9643333 | C9: =(SUM(C4:C8) -MAX(C4:C8) -MIN(C4:C8))/((COUNT(C4:C8)-2)*1000) -> 24.387667 | D9: =(SUM(D4:D8) -MAX(D4:D8) -MIN(D4:D8))/((COUNT(D4:D8)-2)*1000) -> 40.815 | E9: =(SUM(E4:E8) -MAX(E4:E8) -MIN(E4:E8))/((COUNT(E4:E8)-2)*1000) -> 70.664667 | F9: =(SUM(F4:F8) -MAX(F4:F8) -MIN(F4:F8))/((COUNT(F4:F8)-2)*1000) -> 82.046333 | G9: =(SUM(G4:G8) -MAX(G4:G8) -MIN(G4:G8))/((COUNT(G4:G8)-2)*1000) -> 123.84933 | H9: =(SUM(H4:H8) -MAX(H4:H8) -MIN(H4:H8))/((COUNT(H4:H8)-2)*1000) -> 110.26133 | I9: sec
A10: STDEV | B10: =STDEV(B4:B8)/1000 -> 0.93650841 | C10: =STDEV(C4:C8)/1000 -> 1.6391958 | D10: =STDEV(D4:D8)/1000 -> 2.6934936 | E10: =STDEV(E4:E8)/1000 -> 7.4442845 | F10: =STDEV(F4:F8)/1000 -> 6.9132913 | G10: =STDEV(G4:G8)/1000 -> 6.4335546 | H10: =STDEV(H4:H8)/1000 -> 8.3377971
A11: CONFIDENCE | B11: =CONFIDENCE(0.05,B10,5) -> 0.82087073 | C11: =CONFIDENCE(0.05,C10,5) -> 1.436792 | D11: =CONFIDENCE(0.05,D10,5) -> 2.3609078 | E11: =CONFIDENCE(0.05,E10,5) -> 6.5250831 | F11: =CONFIDENCE(0.05,F10,5) -> 6.0596557 | G11: =CONFIDENCE(0.05,G10,5) -> 5.6391557 | H11: =CONFIDENCE(0.05,H10,5) -> 7.3082671
A13: incremental deletions 1%
A14: RUN 1 | B14: 7691 | C14: 16411 | D14: 27581 | E14: 39936 | F14: 45708 | G14: 59545 | H14: 62806
A15: RUN 2 | B15: 858 | C15: 1576 | D15: 3869 | E15: 4649 | F15: 6708 | G15: 10827 | H15: 8658
A16: RUN 3 | B16: 874 | C16: 1498 | D16: 3479 | E16: 4789 | F16: 6661 | G16: 12979 | H16: 8690
A17: RUN 4 | B17: 843 | C17: 1544 | D17: 3573 | E17: 4836 | F17: 6661 | G17: 10655 | H17: 10078
A18: RUN 5 | B18: 858 | C18: 1560 | D18: 3323 | E18: 4914 | F18: 6677 | G18: 11325 | H18: 10577
A19: AVG | B19: =(SUM(B14:B18) -MAX(B14:B18) -MIN(B14:B18))/((COUNT(B14:B18)-2)*1000) -> 0.86333333 | C19: =(SUM(C14:C18) -MAX(C14:C18) -MIN(C14:C18))/((COUNT(C14:C18)-2)*1000) -> 1.56 | D19: =(SUM(D14:D18) -MAX(D14:D18) -MIN(D14:D18))/((COUNT(D14:D18)-2)*1000) -> 3.6403333 | E19: =(SUM(E14:E18) -MAX(E14:E18) -MIN(E14:E18))/((COUNT(E14:E18)-2)*1000) -> 4.8463333 | F19: =(SUM(F14:F18) -MAX(F14:F18) -MIN(F14:F18))/((COUNT(F14:F18)-2)*1000) -> 6.682 | G19: =(SUM(G14:G18) -MAX(G14:G18) -MIN(G14:G18))/((COUNT(G14:G18)-2)*1000) -> 11.710333 | H19: =(SUM(H14:H18) -MAX(H14:H18) -MIN(H14:H18))/((COUNT(H14:H18)-2)*1000) -> 9.7816667 | I19: sec
A20: STDEV | B20: =STDEV(B14:B18)/1000 -> 3.0557184 | C20: =STDEV(C14:C18)/1000 -> 6.6485647 | D20: =STDEV(D14:D18)/1000 -> 10.743913 | E20: =STDEV(E14:E18)/1000 -> 15.714934 | F20: =STDEV(F14:F18)/1000 -> 17.455316 | G20: =STDEV(G14:G18)/1000 -> 21.529899 | H20: =STDEV(H14:H18)/1000 -> 23.853819
A21: CONFIDENCE | B21: =CONFIDENCE(0.05,B20,5) -> 2.678406 | C21: =CONFIDENCE(0.05,C20,5) -> 5.8276169 | D21: =CONFIDENCE(0.05,D20,5) -> 9.4172822 | E21: =CONFIDENCE(0.05,E20,5) -> 13.774494 | F21: =CONFIDENCE(0.05,F20,5) -> 15.299978 | G21: =CONFIDENCE(0.05,G20,5) -> 18.871441 | H21: =CONFIDENCE(0.05,H20,5) -> 20.90841
A23: incremental deletions 10%
A24: RUN 1 | B24: 1202 | C24: 2184 | D24: 4477 | E24: 6365 | F24: 9142 | G24: 13759 | H24: 14976
A25: RUN 2 | B25: 1155 | C25: 1997 | D25: 4149 | E25: 5897 | F25: 8767 | G25: 13572 | H25: 13494
A26: RUN 3 | B26: 1155 | C26: 1904 | D26: 4352 | E26: 5366 | F26: 8097 | G26: 13431 | H26: 14540
A27: RUN 4 | B27: 1154 | C27: 1778 | D27: 3822 | E27: 5991 | F27: 8190 | G27: 13244 | H27: 14118
A28: RUN 5 | B28: 1139 | C28: 1794 | D28: 4883 | E28: 5210 | F28: 8003 | G28: 13775 | H28: 11638
A29: AVG | B29: =(SUM(B24:B28) -MAX(B24:B28) -MIN(B24:B28))/((COUNT(B24:B28)-2)*1000) -> 1.1546667 | C29: =(SUM(C24:C28) -MAX(C24:C28) -MIN(C24:C28))/((COUNT(C24:C28)-2)*1000) -> 1.8983333 | D29: =(SUM(D24:D28) -MAX(D24:D28) -MIN(D24:D28))/((COUNT(D24:D28)-2)*1000) -> 4.326 | E29: =(SUM(E24:E28) -MAX(E24:E28) -MIN(E24:E28))/((COUNT(E24:E28)-2)*1000) -> 5.7513333 | F29: =(SUM(F24:F28) -MAX(F24:F28) -MIN(F24:F28))/((COUNT(F24:F28)-2)*1000) -> 8.3513333 | G29: =(SUM(G24:G28) -MAX(G24:G28) -MIN(G24:G28))/((COUNT(G24:G28)-2)*1000) -> 13.587333 | H29: =(SUM(H24:H28) -MAX(H24:H28) -MIN(H24:H28))/((COUNT(H24:H28)-2)*1000) -> 14.050667 | I29: sec
A30: STDEV | B30: =STDEV(B24:B28)/1000 -> 0.023906066 | C30: =STDEV(C24:C28)/1000 -> 0.16678669 | D30: =STDEV(D24:D28)/1000 -> 0.39322678 | E30: =STDEV(E24:E28)/1000 -> 0.47321317 | F30: =STDEV(F24:F28)/1000 -> 0.49265881 | G30: =STDEV(G24:G28)/1000 -> 0.22494155 | H30: =STDEV(H24:H28)/1000 -> 1.3027499
A31: CONFIDENCE | B31: =CONFIDENCE(0.05,B30,5) -> 0.020954206 | C31: =CONFIDENCE(0.05,C30,5) -> 0.14619229 | D31: =CONFIDENCE(0.05,D30,5) -> 0.34467214 | E31: =CONFIDENCE(0.05,E30,5) -> 0.41478201 | F31: =CONFIDENCE(0.05,F30,5) -> 0.43182655 | G31: =CONFIDENCE(0.05,G30,5) -> 0.19716634 | H31: =CONFIDENCE(0.05,H30,5) -> 1.1418896
A33: incremental deletions 50%
A34: RUN 1 | B34: 2278 | C34: 2808 | D34: 5257 | E34: 8378 | F34: 15038 | G34: 20592 | H34: 17207
A35: RUN 2 | B35: 2402 | C35: 2917 | D35: 5367 | E35: 13354 | F35: 16333 | G35: 26770 | H35: 20343
A36: RUN 3 | B36: 2403 | C36: 2886 | D36: 5491 | E36: 12012 | F36: 16863 | G36: 25226 | H36: 17846
A37: RUN 4 | B37: 2402 | C37: 2886 | D37: 5522 | E37: 13010 | F37: 16832 | G37: 23853 | H37: 19017
A38: RUN 5 | B38: 2387 | C38: 3026 | D38: 5476 | E38: 11607 | F38: 18253 | G38: 25599 | H38: 20499
A39: AVG | B39: =(SUM(B34:B38) -MAX(B34:B38) -MIN(B34:B38))/((COUNT(B34:B38)-2)*1000) -> 2.397 | C39: =(SUM(C34:C38) -MAX(C34:C38) -MIN(C34:C38))/((COUNT(C34:C38)-2)*1000) -> 2.8963333 | D39: =(SUM(D34:D38) -MAX(D34:D38) -MIN(D34:D38))/((COUNT(D34:D38)-2)*1000) -> 5.4446667 | E39: =(SUM(E34:E38) -MAX(E34:E38) -MIN(E34:E38))/((COUNT(E34:E38)-2)*1000) -> 12.209667 | F39: =(SUM(F34:F38) -MAX(F34:F38) -MIN(F34:F38))/((COUNT(F34:F38)-2)*1000) -> 16.676 | G39: =(SUM(G34:G38) -MAX(G34:G38) -MIN(G34:G38))/((COUNT(G34:G38)-2)*1000) -> 24.892667 | H39: =(SUM(H34:H38) -MAX(H34:H38) -MIN(H34:H38))/((COUNT(H34:H38)-2)*1000) -> 19.068667 | I39: sec
A40: STDEV | B40: =STDEV(B34:B38)/1000 -> 0.05429825 | C40: =STDEV(C34:C38)/1000 -> 0.078922747 | D40: =STDEV(D34:D38)/1000 -> 0.10945912 | E40: =STDEV(E34:E38)/1000 -> 1.9741852 | F40: =STDEV(F34:F38)/1000 -> 1.1560907 | G40: =STDEV(G34:G38)/1000 -> 2.3736328 | H40: =STDEV(H34:H38)/1000 -> 1.465943
A41: CONFIDENCE | B41: =CONFIDENCE(0.05,B40,5) -> 0.04759364 | C41: =CONFIDENCE(0.05,C40,5) -> 0.069177567 | D41: =CONFIDENCE(0.05,D40,5) -> 0.09594339 | E41: =CONFIDENCE(0.05,E40,5) -> 1.7304178 | F41: =CONFIDENCE(0.05,F40,5) -> 1.0133396 | G41: =CONFIDENCE(0.05,G40,5) -> 2.0805426 | H41: =CONFIDENCE(0.05,H40,5) -> 1.2849321
A43: incremental insertions 1%
A44: RUN 1 | B44: 1217 | C44: 6271 | D44: 8830 | E44: 23806 | F44: 24040 | G44: 32760 | H44: 32464
A45: RUN 2 | B45: 1201 | C45: 5163 | D45: 8720 | E45: 21466 | F45: 22542 | G45: 32230 | H45: 33790
A46: RUN 3 | B46: 1170 | C46: 5195 | D46: 8705 | E46: 21372 | F46: 23931 | G46: 30826 | H46: 32761
A47: RUN 4 | B47: 1170 | C47: 5179 | D47: 8783 | E47: 20327 | F47: 23338 | G47: 31606 | H47: 33556
A48: RUN 5 | B48: 1201 | C48: 5241 | D48: 8720 | E48: 13915 | F48: 26161 | G48: 31263 | H48: 64803
A49: AVG | B49: =(SUM(B44:B48) -MAX(B44:B48) -MIN(B44:B48))/((COUNT(B44:B48)-2)*1000) -> 1.1906667 | C49: =(SUM(C44:C48) -MAX(C44:C48) -MIN(C44:C48))/((COUNT(C44:C48)-2)*1000) -> 5.205 | D49: =(SUM(D44:D48) -MAX(D44:D48) -MIN(D44:D48))/((COUNT(D44:D48)-2)*1000) -> 8.741 | E49: =(SUM(E44:E48) -MAX(E44:E48) -MIN(E44:E48))/((COUNT(E44:E48)-2)*1000) -> 21.055 | F49: =(SUM(F44:F48) -MAX(F44:F48) -MIN(F44:F48))/((COUNT(F44:F48)-2)*1000) -> 23.769667 | G49: =(SUM(G44:G48) -MAX(G44:G48) -MIN(G44:G48))/((COUNT(G44:G48)-2)*1000) -> 31.699667 | H49: =(SUM(H44:H48) -MAX(H44:H48) -MIN(H44:H48))/((COUNT(H44:H48)-2)*1000) -> 33.369 | I49: sec
A50: STDEV | B50: =STDEV(B44:B48)/1000 -> 0.020945167 | C50: =STDEV(C44:C48)/1000 -> 0.48230613 | D50: =STDEV(D44:D48)/1000 -> 0.053153551 | E50: =STDEV(E44:E48)/1000 -> 3.7247259 | F50: =STDEV(F44:F48)/1000 -> 1.3453867 | G50: =STDEV(G44:G48)/1000 -> 0.76833196 | H50: =STDEV(H44:H48)/1000 -> 14.16945
A51: CONFIDENCE | B51: =CONFIDENCE(0.05,B50,5) -> 0.018358911 | C51: =CONFIDENCE(0.05,C50,5) -> 0.42275219 | D51: =CONFIDENCE(0.05,D50,5) -> 0.046590286 | E51: =CONFIDENCE(0.05,E50,5) -> 3.2648062 | F51: =CONFIDENCE(0.05,F50,5) -> 1.1792617 | G51: =CONFIDENCE(0.05,G50,5) -> 0.67346028 | H51: =CONFIDENCE(0.05,H50,5) -> 12.419843
A53: incremental insertions 10%
A54: RUN 1 | B54: 1529 | C54: 7223 | D54: 11856 | E54: 20093 | F54: 33477 | G54: 37565 | H54: 116923
A55: RUN 2 | B55: 1529 | C55: 6926 | D55: 15944 | E55: 19126 | F55: 32994 | G55: 39188 | H55: 118561
A56: RUN 3 | B56: 1482 | C56: 6942 | D56: 11986 | E56: 19048 | F56: 33291 | G56: 39780 | H56: 81277
A57: RUN 4 | B57: 1513 | C57: 6926 | D57: 12034 | E57: 19048 | F57: 31465 | G57: 39561 | H57: 41418
A58: RUN 5 | B58: 1513 | C58: 6926 | D58: 12080 | E58: 19079 | F58: 32401 | G58: 40248 | H58: 41809
A59: AVG | B59: =(SUM(B54:B58) -MAX(B54:B58) -MIN(B54:B58))/((COUNT(B54:B58)-2)*1000) -> 1.5183333 | C59: =(SUM(C54:C58) -MAX(C54:C58) -MIN(C54:C58))/((COUNT(C54:C58)-2)*1000) -> 6.9313333 | D59: =(SUM(D54:D58) -MAX(D54:D58) -MIN(D54:D58))/((COUNT(D54:D58)-2)*1000) -> 12.033333 | E59: =(SUM(E54:E58) -MAX(E54:E58) -MIN(E54:E58))/((COUNT(E54:E58)-2)*1000) -> 19.084333 | F59: =(SUM(F54:F58) -MAX(F54:F58) -MIN(F54:F58))/((COUNT(F54:F58)-2)*1000) -> 32.895333 | G59: =(SUM(G54:G58) -MAX(G54:G58) -MIN(G54:G58))/((COUNT(G54:G58)-2)*1000) -> 39.509667 | H59: =(SUM(H54:H58) -MAX(H54:H58) -MIN(H54:H58))/((COUNT(H54:H58)-2)*1000) -> 80.003 | I59: sec
A60: STDEV | B60: =STDEV(B54:B58)/1000 -> 0.019188538 | C60: =STDEV(C54:C58)/1000 -> 0.13121661 | D60: =STDEV(D54:D58)/1000 -> 1.7707078 | E60: =STDEV(E54:E58)/1000 -> 0.45626933 | F60: =STDEV(F54:F58)/1000 -> 0.81406314 | G60: =STDEV(G54:G58)/1000 -> 1.0265234 | H60: =STDEV(H54:H58)/1000 -> 38.075624
A61: CONFIDENCE | B61: =CONFIDENCE(0.05,B60,5) -> 0.016819186 | C61: =CONFIDENCE(0.05,C60,5) -> 0.11501432 | D61: =CONFIDENCE(0.05,D60,5) -> 1.5520653 | E61: =CONFIDENCE(0.05,E60,5) -> 0.39993035 | F61: =CONFIDENCE(0.05,F60,5) -> 0.71354469 | G61: =CONFIDENCE(0.05,G60,5) -> 0.8997709 | H61: =CONFIDENCE(0.05,H60,5) -> 33.374143
A63: incremental insertions 50%
A64: RUN 1 | B64: 3182 | C64: 15802 | D64: 27301 | E64: 48454 | F64: 63602 | G64: 74396 | H64: 77922
A65: RUN 2 | B65: 3307 | C65: 16895 | D65: 33781 | E65: 55178 | F65: 69124 | G65: 79015 | H65: 85005
A66: RUN 3 | B66: 3323 | C66: 16692 | D66: 32765 | E66: 53228 | F66: 68984 | G66: 95145 | H66: 84521
A67: RUN 4 | B67: 3307 | C67: 16786 | D67: 33951 | E67: 54117 | F67: 68422 | G67: 79015 | H67: 84381
A68: RUN 5 | B68: 3307 | C68: 16833 | D68: 26876 | E68: 55895 | F68: 69202 | G68: 227465 | H68: 85285
A69: AVG | B69: =(SUM(B64:B68) -MAX(B64:B68) -MIN(B64:B68))/((COUNT(B64:B68)-2)*1000) -> 3.307 | C69: =(SUM(C64:C68) -MAX(C64:C68) -MIN(C64:C68))/((COUNT(C64:C68)-2)*1000) -> 16.770333 | D69: =(SUM(D64:D68) -MAX(D64:D68) -MIN(D64:D68))/((COUNT(D64:D68)-2)*1000) -> 31.282333 | E69: =(SUM(E64:E68) -MAX(E64:E68) -MIN(E64:E68))/((COUNT(E64:E68)-2)*1000) -> 54.174333 | F69: =(SUM(F64:F68) -MAX(F64:F68) -MIN(F64:F68))/((COUNT(F64:F68)-2)*1000) -> 68.843333 | G69: =(SUM(G64:G68) -MAX(G64:G68) -MIN(G64:G68))/((COUNT(G64:G68)-2)*1000) -> 84.391667 | H69: =(SUM(H64:H68) -MAX(H64:H68) -MIN(H64:H68))/((COUNT(H64:H68)-2)*1000) -> 84.635667 | I69: sec
A70: STDEV | B70: =STDEV(B64:B68)/1000 -> 0.058105077 | C70: =STDEV(C64:C68)/1000 -> 0.45309083 | D70: =STDEV(D64:D68)/1000 -> 3.5435261 | E70: =STDEV(E64:E68)/1000 -> 2.9321332 | F70: =STDEV(F64:F68)/1000 -> 2.4035501 | G70: =STDEV(G64:G68)/1000 -> 65.577073 | H70: =STDEV(H64:H68)/1000 -> 3.0965358
A71: CONFIDENCE | B71: =CONFIDENCE(0.05,B70,5) -> 0.05093041 | C71: =CONFIDENCE(0.05,C70,5) -> 0.39714433 | D71: =CONFIDENCE(0.05,D70,5) -> 3.1059805 | E71: =CONFIDENCE(0.05,E70,5) -> 2.5700809 | F71: =CONFIDENCE(0.05,F70,5) -> 2.1067659 | G71: =CONFIDENCE(0.05,G70,5) -> 57.479783 | H71: =CONFIDENCE(0.05,H70,5) -> 2.7141835
A73: ------------------------------------------------------------------------------------------------------------------------------------------------------------------------------
A74: non-incremental deletions 1%
A75: RUN 1
A76: RUN 2
A77: RUN 3
A78: RUN 4
A79: RUN 5
A80: AVG | B80: =(SUM(B75:B79) -MAX(B75:B79) -MIN(B75:B79))/((COUNT(B75:B79)-2)*1000) -> 0 | C80: =(SUM(C75:C79) -MAX(C75:C79) -MIN(C75:C79))/((COUNT(C75:C79)-2)*1000) -> 0 | D80: =(SUM(D75:D79) -MAX(D75:D79) -MIN(D75:D79))/((COUNT(D75:D79)-2)*1000) -> 0 | E80: =(SUM(E75:E79) -MAX(E75:E79) -MIN(E75:E79))/((COUNT(E75:E79)-2)*1000) -> 0 | F80: =(SUM(F75:F79) -MAX(F75:F79) -MIN(F75:F79))/((COUNT(F75:F79)-2)*1000) -> 0 | G80: =(SUM(G75:G79) -MAX(G75:G79) -MIN(G75:G79))/((COUNT(G75:G79)-2)*1000) -> 0 | H80: =(SUM(H75:H79) -MAX(H75:H79) -MIN(H75:H79))/((COUNT(H75:H79)-2)*1000) -> 0
A81: STDEV | B81: =STDEV(B75:B79)/1000 -> #DIV/0! | C81: =STDEV(C75:C79)/1000 -> #DIV/0! | D81: =STDEV(D75:D79)/1000 -> #DIV/0! | E81: =STDEV(E75:E79)/1000 -> #DIV/0! | F81: =STDEV(F75:F79)/1000 -> #DIV/0! | G81: =STDEV(G75:G79)/1000 -> #DIV/0! | H81: =STDEV(H75:H79)/1000 -> #DIV/0!
A82: CONFIDENCE | B82: =CONFIDENCE(0.05,B81,5) -> #DIV/0! | C82: =CONFIDENCE(0.05,C81,5) -> #DIV/0! | D82: =CONFIDENCE(0.05,D81,5) -> #DIV/0! | E82: =CONFIDENCE(0.05,E81,5) -> #DIV/0! | F82: =CONFIDENCE(0.05,F81,5) -> #DIV/0! | G82: =CONFIDENCE(0.05,G81,5) -> #DIV/0! | H82: =CONFIDENCE(0.05,H81,5) -> #DIV/0!
A84: non-incremental deletions 10%
A85: RUN 1
A86: RUN 2
A87: RUN 3
A88: RUN 4
A89: RUN 5
A90: AVG | B90: =(SUM(B85:B89) -MAX(B85:B89) -MIN(B85:B89))/((COUNT(B85:B89)-2)*1000) -> 0 | C90: =(SUM(C85:C89) -MAX(C85:C89) -MIN(C85:C89))/((COUNT(C85:C89)-2)*1000) -> 0 | D90: =(SUM(D85:D89) -MAX(D85:D89) -MIN(D85:D89))/((COUNT(D85:D89)-2)*1000) -> 0 | E90: =(SUM(E85:E89) -MAX(E85:E89) -MIN(E85:E89))/((COUNT(E85:E89)-2)*1000) -> 0 | F90: =(SUM(F85:F89) -MAX(F85:F89) -MIN(F85:F89))/((COUNT(F85:F89)-2)*1000) -> 0 | G90: =(SUM(G85:G89) -MAX(G85:G89) -MIN(G85:G89))/((COUNT(G85:G89)-2)*1000) -> 0 | H90: =(SUM(H85:H89) -MAX(H85:H89) -MIN(H85:H89))/((COUNT(H85:H89)-2)*1000) -> 0
A91: STDEV | B91: =STDEV(B85:B89)/1000 -> #DIV/0! | C91: =STDEV(C85:C89)/1000 -> #DIV/0! | D91: =STDEV(D85:D89)/1000 -> #DIV/0! | E91: =STDEV(E85:E89)/1000 -> #DIV/0! | F91: =STDEV(F85:F89)/1000 -> #DIV/0! | G91: =STDEV(G85:G89)/1000 -> #DIV/0! | H91: =STDEV(H85:H89)/1000 -> #DIV/0!
A92: CONFIDENCE | B92: =CONFIDENCE(0.05,B91,5) -> #DIV/0! | C92: =CONFIDENCE(0.05,C91,5) -> #DIV/0! | D92: =CONFIDENCE(0.05,D91,5) -> #DIV/0! | E92: =CONFIDENCE(0.05,E91,5) -> #DIV/0! | F92: =CONFIDENCE(0.05,F91,5) -> #DIV/0! | G92: =CONFIDENCE(0.05,G91,5) -> #DIV/0! | H92: =CONFIDENCE(0.05,H91,5) -> #DIV/0!
A94: non-incremental deletions 50%
A95: RUN 1
A96: RUN 2
A97: RUN 3
A98: RUN 4
A99: RUN 5
A100: AVG | B100: =(SUM(B95:B99) -MAX(B95:B99) -MIN(B95:B99))/((COUNT(B95:B99)-2)*1000) -> 0 | C100: =(SUM(C95:C99) -MAX(C95:C99) -MIN(C95:C99))/((COUNT(C95:C99)-2)*1000) -> 0 | D100: =(SUM(D95:D99) -MAX(D95:D99) -MIN(D95:D99))/((COUNT(D95:D99)-2)*1000) -> 0 | E100: =(SUM(E95:E99) -MAX(E95:E99) -MIN(E95:E99))/((COUNT(E95:E99)-2)*1000) -> 0 | F100: =(SUM(F95:F99) -MAX(F95:F99) -MIN(F95:F99))/((COUNT(F95:F99)-2)*1000) -> 0 | G100: =(SUM(G95:G99) -MAX(G95:G99) -MIN(G95:G99))/((COUNT(G95:G99)-2)*1000) -> 0 | H100: =(SUM(H95:H99) -MAX(H95:H99) -MIN(H95:H99))/((COUNT(H95:H99)-2)*1000) -> 0
A101: STDEV | B101: =STDEV(B95:B99)/1000 -> #DIV/0! | C101: =STDEV(C95:C99)/1000 -> #DIV/0! | D101: =STDEV(D95:D99)/1000 -> #DIV/0! | E101: =STDEV(E95:E99)/1000 -> #DIV/0! | F101: =STDEV(F95:F99)/1000 -> #DIV/0! | G101: =STDEV(G95:G99)/1000 -> #DIV/0! | H101: =STDEV(H95:H99)/1000 -> #DIV/0!
A102: CONFIDENCE | B102: =CONFIDENCE(0.05,B101,5) -> #DIV/0! | C102: =CONFIDENCE(0.05,C101,5) -> #DIV/0! | D102: =CONFIDENCE(0.05,D101,5) -> #DIV/0! | E102: =CONFIDENCE(0.05,E101,5) -> #DIV/0! | F102: =CONFIDENCE(0.05,F101,5) -> #DIV/0! | G102: =CONFIDENCE(0.05,G101,5) -> #DIV/0! | H102: =CONFIDENCE(0.05,H101,5) -> #DIV/0!
A104: non-incremental insertions 1%
A105: RUN 1
A106: RUN 2
A107: RUN 3
A108: RUN 4
A109: RUN 5
A110: AVG | B110: =(SUM(B105:B109) -MAX(B105:B109) -MIN(B105:B109))/((COUNT(B105:B109)-2)*1000) -> 0 | C110: =(SUM(C105:C109) -MAX(C105:C109) -MIN(C105:C109))/((COUNT(C105:C109)-2)*1000) -> 0 | D110: =(SUM(D105:D109) -MAX(D105:D109) -MIN(D105:D109))/((COUNT(D105:D109)-2)*1000) -> 0 | E110: =(SUM(E105:E109) -MAX(E105:E109) -MIN(E105:E109))/((COUNT(E105:E109)-2)*1000) -> 0 | F110: =(SUM(F105:F109) -MAX(F105:F109) -MIN(F105:F109))/((COUNT(F105:F109)-2)*1000) -> 0 | G110: =(SUM(G105:G109) -MAX(G105:G109) -MIN(G105:G109))/((COUNT(G105:G109)-2)*1000) -> 0 | H110: =(SUM(H105:H109) -MAX(H105:H109) -MIN(H105:H109))/((COUNT(H105:H109)-2)*1000) -> 0
...

Sheet int - 4k
A1: scalabilityInt - tuples/peer: | B1: 4k
A2: #peers | B2: 5 | C2: 10 | D2: 15 | E2: 20 | F2: 25 | G2: 30 | H2: 35
A3: initial solution
A4: RUN 1 | B4: 4758 | C4: 12963 | D4: 33680 | E4: 51282 | F4: 42853 | G4: 88874 | H4: 75738
A5: RUN 2 | B5: 4087 | C5: 11732 | D5: 33165 | E5: 51405 | F5: 40170 | G5: 88952 | H5: 78234
A6: RUN 3 | B6: 4072 | C6: 11731 | D6: 33228 | E6: 50608 | F6: 39921 | G6: 86627 | H6: 78391
A7: RUN 4 | B7: 4072 | C7: 11779 | D7: 33135 | E7: 52761 | F7: 39858 | G7: 83508 | H7: 76191
A8: RUN 5 | B8: 4087 | C8: 11762 | D8: 32822 | E8: 89857 | F8: 39843 | G8: 84443 | H8: 83617
A9: AVG | B9: =(SUM(B4:B8) -MAX(B4:B8) -MIN(B4:B8))/((COUNT(B4:B8)-2)*1000) -> 4.082 | C9: =(SUM(C4:C8) -MAX(C4:C8) -MIN(C4:C8))/((COUNT(C4:C8)-2)*1000) -> 11.757667 | D9: =(SUM(D4:D8) -MAX(D4:D8) -MIN(D4:D8))/((COUNT(D4:D8)-2)*1000) -> 33.176 | E9: =(SUM(E4:E8) -MAX(E4:E8) -MIN(E4:E8))/((COUNT(E4:E8)-2)*1000) -> 51.816 | F9: =(SUM(F4:F8) -MAX(F4:F8) -MIN(F4:F8))/((COUNT(F4:F8)-2)*1000) -> 39.983 | G9: =(SUM(G4:G8) -MAX(G4:G8) -MIN(G4:G8))/((COUNT(G4:G8)-2)*1000) -> 86.648 | H9: =(SUM(H4:H8) -MAX(H4:H8) -MIN(H4:H8))/((COUNT(H4:H8)-2)*1000) -> 77.605333 | I9: sec
A10: STDEV | B10: =STDEV(B4:B8)/1000 -> 0.3035271 | C10: =STDEV(C4:C8)/1000 -> 0.54240695 | D10: =STDEV(D4:D8)/1000 -> 0.30795211 | E10: =STDEV(E4:E8)/1000 -> 17.1653 | F10: =STDEV(F4:F8)/1000 -> 1.3057908 | G10: =STDEV(G4:G8)/1000 -> 2.492277 | H10: =STDEV(H4:H8)/1000 -> 3.1306869
A11: CONFIDENCE | B11: =CONFIDENCE(0.05,B10,5) -> 0.26604834 | C11: =CONFIDENCE(0.05,C10,5) -> 0.47543192 | D11: =CONFIDENCE(0.05,D10,5) -> 0.26992696 | E11: =CONFIDENCE(0.05,E10,5) -> 15.045772 | F11: =CONFIDENCE(0.05,F10,5) -> 1.144555 | G11: =CONFIDENCE(0.05,G10,5) -> 2.184537 | H11: =CONFIDENCE(0.05,H10,5) -> 2.7441177
A13: incremental deletions 1%
A14: RUN 1 | B14: 2840 | C14: 7395 | D14: 13463 | E14: 19298 | F14: 22526 | G14: 27191 | H14: 31996
A15: RUN 2 | B15: 312 | C15: 1030 | D15: 1529 | E15: 2824 | F15: 3198 | G15: 3838 | H15: 3869
A16: RUN 3 | B16: 297 | C16: 1076 | D16: 1529 | E16: 2387 | F16: 3151 | G16: 3744 | H16: 3806
A17: RUN 4 | B17: 312 | C17: 1092 | D17: 1544 | E17: 2308 | F17: 3198 | G17: 3744 | H17: 3838
A18: RUN 5 | B18: 312 | C18: 1076 | D18: 1513 | E18: 2231 | F18: 3151 | G18: 3760 | H18: 3853
A19: AVG | B19: =(SUM(B14:B18) -MAX(B14:B18) -MIN(B14:B18))/((COUNT(B14:B18)-2)*1000) -> 0.312 | C19: =(SUM(C14:C18) -MAX(C14:C18) -MIN(C14:C18))/((COUNT(C14:C18)-2)*1000) -> 1.0813333 | D19: =(SUM(D14:D18) -MAX(D14:D18) -MIN(D14:D18))/((COUNT(D14:D18)-2)*1000) -> 1.534 | E19: =(SUM(E14:E18) -MAX(E14:E18) -MIN(E14:E18))/((COUNT(E14:E18)-2)*1000) -> 2.5063333 | F19: =(SUM(F14:F18) -MAX(F14:F18) -MIN(F14:F18))/((COUNT(F14:F18)-2)*1000) -> 3.1823333 | G19: =(SUM(G14:G18) -MAX(G14:G18) -MIN(G14:G18))/((COUNT(G14:G18)-2)*1000) -> 3.7806667 | H19: =(SUM(H14:H18) -MAX(H14:H18) -MIN(H14:H18))/((COUNT(H14:H18)-2)*1000) -> 3.8533333 | I19: sec
A20: STDEV | B20: =STDEV(B14:B18)/1000 -> 1.1322517 | C20: =STDEV(C14:C18)/1000 -> 2.8293917 | D20: =STDEV(D14:D18)/1000 -> 5.3371701 | E20: =STDEV(E14:E18)/1000 -> 7.5437476 | F20: =STDEV(F14:F18)/1000 -> 8.6542858 | G20: =STDEV(G14:G18)/1000 -> 10.473591 | H20: =STDEV(H14:H18)/1000 -> 12.591097
A21: CONFIDENCE | B21: =CONFIDENCE(0.05,B20,5) -> 0.99244409 | C21: =CONFIDENCE(0.05,C20,5) -> 2.4800256 | D21: =CONFIDENCE(0.05,D20,5) -> 4.6781499 | E21: =CONFIDENCE(0.05,E20,5) -> 6.6122648 | F21: =CONFIDENCE(0.05,F20,5) -> 7.5856766 | G21: =CONFIDENCE(0.05,G20,5) -> 9.1803388 | H21: =CONFIDENCE(0.05,H20,5) -> 11.03638
A23: incremental deletions 10%
A24: RUN 1 | B24: 344 | C24: 1607 | D24: 2028 | E24: 3073 | F24: 4197 | G24: 4867 | H24: 4524
A25: RUN 2 | B25: 359 | C25: 1685 | D25: 2106 | E25: 3338 | F25: 4493 | G25: 4945 | H25: 4914
A26: RUN 3 | B26: 359 | C26: 1716 | D26: 2059 | E26: 2979 | F26: 4213 | G26: 4618 | H26: 4368
A27: RUN 4 | B27: 358 | C27: 1669 | D27: 2059 | E27: 2683 | F27: 4212 | G27: 4648 | H27: 4383
A28: RUN 5 | B28: 344 | C28: 1685 | D28: 2106 | E28: 2699 | F28: 4243 | G28: 4478 | H28: 4446
A29: AVG | B29: =(SUM(B24:B28) -MAX(B24:B28) -MIN(B24:B28))/((COUNT(B24:B28)-2)*1000) -> 0.35366667 | C29: =(SUM(C24:C28) -MAX(C24:C28) -MIN(C24:C28))/((COUNT(C24:C28)-2)*1000) -> 1.6796667 | D29: =(SUM(D24:D28) -MAX(D24:D28) -MIN(D24:D28))/((COUNT(D24:D28)-2)*1000) -> 2.0746667 | E29: =(SUM(E24:E28) -MAX(E24:E28) -MIN(E24:E28))/((COUNT(E24:E28)-2)*1000) -> 2.917 | F29: =(SUM(F24:F28) -MAX(F24:F28) -MIN(F24:F28))/((COUNT(F24:F28)-2)*1000) -> 4.2226667 | G29: =(SUM(G24:G28) -MAX(G24:G28) -MIN(G24:G28))/((COUNT(G24:G28)-2)*1000) -> 4.711 | H29: =(SUM(H24:H28) -MAX(H24:H28) -MIN(H24:H28))/((COUNT(H24:H28)-2)*1000) -> 4.451 | I29: sec
A30: STDEV | B30: =STDEV(B24:B28)/1000 -> 0.008043631 | C30: =STDEV(C24:C28)/1000 -> 0.040333609 | D30: =STDEV(D24:D28)/1000 -> 0.033857052 | E30: =STDEV(E24:E28)/1000 -> 0.27418388 | F30: =STDEV(F24:F28)/1000 -> 0.12488715 | G30: =STDEV(G24:G28)/1000 -> 0.19104895 | H30: =STDEV(H24:H28)/1000 -> 0.22491999
A31: CONFIDENCE | B31: =CONFIDENCE(0.05,B30,5) -> 0.0070504239 | C31: =CONFIDENCE(0.05,C30,5) -> 0.035353317 | D31: =CONFIDENCE(0.05,D30,5) -> 0.02967647 | E31: =CONFIDENCE(0.05,E30,5) -> 0.24032835 | F31: =CONFIDENCE(0.05,F30,5) -> 0.1094664 | G31: =CONFIDENCE(0.05,G30,5) -> 0.16745871 | H31: =CONFIDENCE(0.05,H30,5) -> 0.19714744
A33: incremental deletions 50%
A34: RUN 1 | B34: 546 | C34: 4087 | D34: 3884 | E34: 4883 | F34: 7925 | G34: 8736 | H34: 9547
A35: RUN 2 | B35: 592 | C35: 4321 | D35: 4157 | E35: 4946 | F35: 8315 | G35: 10624 | H35: 11263
A36: RUN 3 | B36: 593 | C36: 4321 | D36: 4142 | E36: 4992 | F36: 8331 | G36: 10608 | H36: 12573
A37: RUN 4 | B37: 577 | C37: 4322 | D37: 4125 | E37: 4961 | F37: 8361 | G37: 11045 | H37: 11388
A38: RUN 5 | B38: 593 | C38: 4306 | D38: 4142 | E38: 4977 | F38: 8393 | G38: 10593 | H38: 9313
A39: AVG | B39: =(SUM(B34:B38) -MAX(B34:B38) -MIN(B34:B38))/((COUNT(B34:B38)-2)*1000) -> 0.58733333 | C39: =(SUM(C34:C38) -MAX(C34:C38) -MIN(C34:C38))/((COUNT(C34:C38)-2)*1000) -> 4.316 | D39: =(SUM(D34:D38) -MAX(D34:D38) -MIN(D34:D38))/((COUNT(D34:D38)-2)*1000) -> 4.1363333 | E39: =(SUM(E34:E38) -MAX(E34:E38) -MIN(E34:E38))/((COUNT(E34:E38)-2)*1000) -> 4.9613333 | F39: =(SUM(F34:F38) -MAX(F34:F38) -MIN(F34:F38))/((COUNT(F34:F38)-2)*1000) -> 8.3356667 | G39: =(SUM(G34:G38) -MAX(G34:G38) -MIN(G34:G38))/((COUNT(G34:G38)-2)*1000) -> 10.608333 | H39: =(SUM(H34:H38) -MAX(H34:H38) -MIN(H34:H38))/((COUNT(H34:H38)-2)*1000) -> 10.732667 | I39: sec
A40: STDEV | B40: =STDEV(B34:B38)/1000 -> 0.020290392 | C40: =STDEV(C34:C38)/1000 -> 0.10329714 | D40: =STDEV(D34:D38)/1000 -> 0.11571301 | E40: =STDEV(E34:E38)/1000 -> 0.042139056 | F40: =STDEV(F34:F38)/1000 -> 0.19239023 | G40: =STDEV(G34:G38)/1000 -> 0.90616814 | H40: =STDEV(H34:H38)/1000 -> 1.367791
A41: CONFIDENCE | B41: =CONFIDENCE(0.05,B40,5) -> 0.017784986 | C41: =CONFIDENCE(0.05,C40,5) -> 0.090542275 | D41: =CONFIDENCE(0.05,D40,5) -> 0.10142506 | E41: =CONFIDENCE(0.05,E40,5) -> 0.036935832 | F41: =CONFIDENCE(0.05,F40,5) -> 0.16863437 | G41: =CONFIDENCE(0.05,G40,5) -> 0.7942768 | H41: =CONFIDENCE(0.05,H40,5) -> 1.1988996
A43: incremental insertions 1%
A44: RUN 1 | B44: 780 | C44: 1809 | D44: 5798 | E44: 13229 | F44: 10437 | G44: 21497 | H44: 20139
A45: RUN 2 | B45: 764 | C45: 1778 | D45: 5767 | E45: 12199 | F45: 7191 | G45: 20654 | H45: 16536
A46: RUN 3 | B46: 764 | C46: 1779 | D46: 5798 | E46: 12168 | F46: 7098 | G46: 20967 | H46: 16677
A47: RUN 4 | B47: 764 | C47: 1778 | D47: 5782 | E47: 12137 | F47: 7082 | G47: 20670 | H47: 17238
A48: RUN 5 | B48: 764 | C48: 1763 | D48: 5745 | E48: 13369 | F48: 7098 | G48: 20904 | H48: 17363
A49: AVG | B49: =(SUM(B44:B48) -MAX(B44:B48) -MIN(B44:B48))/((COUNT(B44:B48)-2)*1000) -> 0.764 | C49: =(SUM(C44:C48) -MAX(C44:C48) -MIN(C44:C48))/((COUNT(C44:C48)-2)*1000) -> 1.7783333 | D49: =(SUM(D44:D48) -MAX(D44:D48) -MIN(D44:D48))/((COUNT(D44:D48)-2)*1000) -> 5.7823333 | E49: =(SUM(E44:E48) -MAX(E44:E48) -MIN(E44:E48))/((COUNT(E44:E48)-2)*1000) -> 12.532 | F49: =(SUM(F44:F48) -MAX(F44:F48) -MIN(F44:F48))/((COUNT(F44:F48)-2)*1000) -> 7.129 | G49: =(SUM(G44:G48) -MAX(G44:G48) -MIN(G44:G48))/((COUNT(G44:G48)-2)*1000) -> 20.847 | H49: =(SUM(H44:H48) -MAX(H44:H48) -MIN(H44:H48))/((COUNT(H44:H48)-2)*1000) -> 17.092667 | I49: sec
A50: STDEV | B50: =STDEV(B44:B48)/1000 -> 0.0071554175 | C50: =STDEV(C44:C48)/1000 -> 0.016801786 | D50: =STDEV(D44:D48)/1000 -> 0.022505555 | E50: =STDEV(E44:E48)/1000 -> 0.62183503 | F50: =STDEV(F44:F48)/1000 -> 1.4852622 | G50: =STDEV(G44:G48)/1000 -> 0.34167133 | H50: =STDEV(H44:H48)/1000 -> 1.4677634
A51: CONFIDENCE | B51: =CONFIDENCE(0.05,B50,5) -> 0.0062718848 | C51: =CONFIDENCE(0.05,C50,5) -> 0.014727144 | D51: =CONFIDENCE(0.05,D50,5) -> 0.019726626 | E51: =CONFIDENCE(0.05,E50,5) -> 0.54505242 | F51: =CONFIDENCE(0.05,F50,5) -> 1.3018658 | G51: =CONFIDENCE(0.05,G50,5) -> 0.29948263 | H51: =CONFIDENCE(0.05,H50,5) -> 1.2865277
A53: incremental insertions 10%
A54: RUN 1 | B54: 1030 | C54: 2433 | D54: 8055 | E54: 16364 | F54: 10312 | G54: 28314 | H54: 23213
A55: RUN 2 | B55: 1045 | C55: 2480 | D55: 8118 | E55: 15662 | F55: 10140 | G55: 28953 | H55: 24290
A56: RUN 3 | B56: 1061 | C56: 2450 | D56: 8133 | E56: 16068 | F56: 10140 | G56: 29437 | H56: 24274
A57: RUN 4 | B57: 1045 | C57: 2464 | D57: 8132 | E57: 15678 | F57: 10187 | G57: 29390 | H57: 23790
A58: RUN 5 | B58: 1061 | C58: 2449 | D58: 8133 | E58: 15756 | F58: 10140 | G58: 30093 | H58: 24554
A59: AVG | B59: =(SUM(B54:B58) -MAX(B54:B58) -MIN(B54:B58))/((COUNT(B54:B58)-2)*1000) -> 1.0503333 | C59: =(SUM(C54:C58) -MAX(C54:C58) -MIN(C54:C58))/((COUNT(C54:C58)-2)*1000) -> 2.4543333 | D59: =(SUM(D54:D58) -MAX(D54:D58) -MIN(D54:D58))/((COUNT(D54:D58)-2)*1000) -> 8.1276667 | E59: =(SUM(E54:E58) -MAX(E54:E58) -MIN(E54:E58))/((COUNT(E54:E58)-2)*1000) -> 15.834 | F59: =(SUM(F54:F58) -MAX(F54:F58) -MIN(F54:F58))/((COUNT(F54:F58)-2)*1000) -> 10.155667 | G59: =(SUM(G54:G58) -MAX(G54:G58) -MIN(G54:G58))/((COUNT(G54:G58)-2)*1000) -> 29.26 | H59: =(SUM(H54:H58) -MAX(H54:H58) -MIN(H54:H58))/((COUNT(H54:H58)-2)*1000) -> 24.118 | I59: sec
A60: STDEV | B60: =STDEV(B54:B58)/1000 -> 0.013030733 | C60: =STDEV(C54:C58)/1000 -> 0.017683325 | D60: =STDEV(D54:D58)/1000 -> 0.033700148 | E60: =STDEV(E54:E58)/1000 -> 0.30414931 | F60: =STDEV(F54:F58)/1000 -> 0.074499664 | G60: =STDEV(G54:G58)/1000 -> 0.65740573 | H60: =STDEV(H54:H58)/1000 -> 0.5307148
A61: CONFIDENCE | B61: =CONFIDENCE(0.05,B60,5) -> 0.011421731 | C61: =CONFIDENCE(0.05,C60,5) -> 0.015499833 | D61: =CONFIDENCE(0.05,D60,5) -> 0.02953894 | E61: =CONFIDENCE(0.05,E60,5) -> 0.26659372 | F61: =CONFIDENCE(0.05,F60,5) -> 0.065300635 | G61: =CONFIDENCE(0.05,G60,5) -> 0.57623094 | H61: =CONFIDENCE(0.05,H60,5) -> 0.46518349
A63: incremental insertions 50%
A64: RUN 1 | B64: 2465 | C64: 5866 | D64: 19201 | E64: 35319 | F64: 24866 | G64: 62556 | H64: 53118
A65: RUN 2 | B65: 2465 | C65: 6100 | D65: 20098 | E65: 44507 | F65: 31107 | G65: 66831 | H65: 79654
A66: RUN 3 | B66: 2449 | C66: 6100 | D66: 20098 | E66: 38579 | F66: 30498 | G66: 65349 | H66: 71059
A67: RUN 4 | B67: 2449 | C67: 6100 | D67: 20035 | E67: 39484 | F67: 30701 | G67: 65287 | H67: 76238
A68: RUN 5 | B68: 2465 | C68: 6100 | D68: 20097 | E68: 39749 | F68: 31964 | G68: 66581 | H68: 58563
A69: AVG | B69: =(SUM(B64:B68) -MAX(B64:B68) -MIN(B64:B68))/((COUNT(B64:B68)-2)*1000) -> 2.4596667 | C69: =(SUM(C64:C68) -MAX(C64:C68) -MIN(C64:C68))/((COUNT(C64:C68)-2)*1000) -> 6.1 | D69: =(SUM(D64:D68) -MAX(D64:D68) -MIN(D64:D68))/((COUNT(D64:D68)-2)*1000) -> 20.076667 | E69: =(SUM(E64:E68) -MAX(E64:E68) -MIN(E64:E68))/((COUNT(E64:E68)-2)*1000) -> 39.270667 | F69: =(SUM(F64:F68) -MAX(F64:F68) -MIN(F64:F68))/((COUNT(F64:F68)-2)*1000) -> 30.768667 | G69: =(SUM(G64:G68) -MAX(G64:G68) -MIN(G64:G68))/((COUNT(G64:G68)-2)*1000) -> 65.739 | H69: =(SUM(H64:H68) -MAX(H64:H68) -MIN(H64:H68))/((COUNT(H64:H68)-2)*1000) -> 68.62 | I69: sec
A70: STDEV | B70: =STDEV(B64:B68)/1000 -> 0.0087635609 | C70: =STDEV(C64:C68)/1000 -> 0.10464798 | D70: =STDEV(D64:D68)/1000 -> 0.39492873 | E70: =STDEV(E64:E68)/1000 -> 3.2961151 | F70: =STDEV(F64:F68)/1000 -> 2.8297883 | G70: =STDEV(G64:G68)/1000 -> 1.696678 | H70: =STDEV(H64:H68)/1000 -> 11.436722
A71: CONFIDENCE | B71: =CONFIDENCE(0.05,B70,5) -> 0.0076814587 | C71: =CONFIDENCE(0.05,C70,5) -> 0.091726314 | D71: =CONFIDENCE(0.05,D70,5) -> 0.34616393 | E71: =CONFIDENCE(0.05,E70,5) -> 2.8891192 | F71: =CONFIDENCE(0.05,F70,5) -> 2.4803732 | G71: =CONFIDENCE(0.05,G70,5) -> 1.4871765 | H71: =CONFIDENCE(0.05,H70,5) -> 10.024545
A73: ------------------------------------------------------------------------------------------------------------------------------------------------------------------------------
A74: non-incremental deletions 1%
A75: RUN 1
A76: RUN 2
A77: RUN 3
A78: RUN 4
A79: RUN 5
A80: AVG | B80: =(SUM(B75:B79) -MAX(B75:B79) -MIN(B75:B79))/((COUNT(B75:B79)-2)*1000) -> 0 | C80: =(SUM(C75:C79) -MAX(C75:C79) -MIN(C75:C79))/((COUNT(C75:C79)-2)*1000) -> 0 | D80: =(SUM(D75:D79) -MAX(D75:D79) -MIN(D75:D79))/((COUNT(D75:D79)-2)*1000) -> 0 | E80: =(SUM(E75:E79) -MAX(E75:E79) -MIN(E75:E79))/((COUNT(E75:E79)-2)*1000) -> 0 | F80: =(SUM(F75:F79) -MAX(F75:F79) -MIN(F75:F79))/((COUNT(F75:F79)-2)*1000) -> 0 | G80: =(SUM(G75:G79) -MAX(G75:G79) -MIN(G75:G79))/((COUNT(G75:G79)-2)*1000) -> 0 | H80: =(SUM(H75:H79) -MAX(H75:H79) -MIN(H75:H79))/((COUNT(H75:H79)-2)*1000) -> 0
A81: STDEV | B81: =STDEV(B75:B79)/1000 -> #DIV/0! | C81: =STDEV(C75:C79)/1000 -> #DIV/0! | D81: =STDEV(D75:D79)/1000 -> #DIV/0! | E81: =STDEV(E75:E79)/1000 -> #DIV/0! | F81: =STDEV(F75:F79)/1000 -> #DIV/0! | G81: =STDEV(G75:G79)/1000 -> #DIV/0! | H81: =STDEV(H75:H79)/1000 -> #DIV/0!
A82: CONFIDENCE | B82: =CONFIDENCE(0.05,B81,5) -> #DIV/0! | C82: =CONFIDENCE(0.05,C81,5) -> #DIV/0! | D82: =CONFIDENCE(0.05,D81,5) -> #DIV/0! | E82: =CONFIDENCE(0.05,E81,5) -> #DIV/0! | F82: =CONFIDENCE(0.05,F81,5) -> #DIV/0! | G82: =CONFIDENCE(0.05,G81,5) -> #DIV/0! | H82: =CONFIDENCE(0.05,H81,5) -> #DIV/0!
A84: non-incremental deletions 10%
A85: RUN 1
A86: RUN 2
A87: RUN 3
A88: RUN 4
A89: RUN 5
A90: AVG | B90: =(SUM(B85:B89) -MAX(B85:B89) -MIN(B85:B89))/((COUNT(B85:B89)-2)*1000) -> 0 | C90: =(SUM(C85:C89) -MAX(C85:C89) -MIN(C85:C89))/((COUNT(C85:C89)-2)*1000) -> 0 | D90: =(SUM(D85:D89) -MAX(D85:D89) -MIN(D85:D89))/((COUNT(D85:D89)-2)*1000) -> 0 | E90: =(SUM(E85:E89) -MAX(E85:E89) -MIN(E85:E89))/((COUNT(E85:E89)-2)*1000) -> 0 | F90: =(SUM(F85:F89) -MAX(F85:F89) -MIN(F85:F89))/((COUNT(F85:F89)-2)*1000) -> 0 | G90: =(SUM(G85:G89) -MAX(G85:G89) -MIN(G85:G89))/((COUNT(G85:G89)-2)*1000) -> 0 | H90: =(SUM(H85:H89) -MAX(H85:H89) -MIN(H85:H89))/((COUNT(H85:H89)-2)*1000) -> 0
A91: STDEV | B91: =STDEV(B85:B89)/1000 -> #DIV/0! | C91: =STDEV(C85:C89)/1000 -> #DIV/0! | D91: =STDEV(D85:D89)/1000 -> #DIV/0! | E91: =STDEV(E85:E89)/1000 -> #DIV/0! | F91: =STDEV(F85:F89)/1000 -> #DIV/0! | G91: =STDEV(G85:G89)/1000 -> #DIV/0! | H91: =STDEV(H85:H89)/1000 -> #DIV/0!
A92: CONFIDENCE | B92: =CONFIDENCE(0.05,B91,5) -> #DIV/0! | C92: =CONFIDENCE(0.05,C91,5) -> #DIV/0! | D92: =CONFIDENCE(0.05,D91,5) -> #DIV/0! | E92: =CONFIDENCE(0.05,E91,5) -> #DIV/0! | F92: =CONFIDENCE(0.05,F91,5) -> #DIV/0! | G92: =CONFIDENCE(0.05,G91,5) -> #DIV/0! | H92: =CONFIDENCE(0.05,H91,5) -> #DIV/0!
A94: non-incremental deletions 50%
A95: RUN 1
A96: RUN 2
A97: RUN 3
A98: RUN 4
A99: RUN 5
A100: AVG | B100: =(SUM(B95:B99) -MAX(B95:B99) -MIN(B95:B99))/((COUNT(B95:B99)-2)*1000) -> 0 | C100: =(SUM(C95:C99) -MAX(C95:C99) -MIN(C95:C99))/((COUNT(C95:C99)-2)*1000) -> 0 | D100: =(SUM(D95:D99) -MAX(D95:D99) -MIN(D95:D99))/((COUNT(D95:D99)-2)*1000) -> 0 | E100: =(SUM(E95:E99) -MAX(E95:E99) -MIN(E95:E99))/((COUNT(E95:E99)-2)*1000) -> 0 | F100: =(SUM(F95:F99) -MAX(F95:F99) -MIN(F95:F99))/((COUNT(F95:F99)-2)*1000) -> 0 | G100: =(SUM(G95:G99) -MAX(G95:G99) -MIN(G95:G99))/((COUNT(G95:G99)-2)*1000) -> 0 | H100: =(SUM(H95:H99) -MAX(H95:H99) -MIN(H95:H99))/((COUNT(H95:H99)-2)*1000) -> 0
A101: STDEV | B101: =STDEV(B95:B99)/1000 -> #DIV/0! | C101: =STDEV(C95:C99)/1000 -> #DIV/0! | D101: =STDEV(D95:D99)/1000 -> #DIV/0! | E101: =STDEV(E95:E99)/1000 -> #DIV/0! | F101: =STDEV(F95:F99)/1000 -> #DIV/0! | G101: =STDEV(G95:G99)/1000 -> #DIV/0! | H101: =STDEV(H95:H99)/1000 -> #DIV/0!
A102: CONFIDENCE | B102: =CONFIDENCE(0.05,B101,5) -> #DIV/0! | C102: =CONFIDENCE(0.05,C101,5) -> #DIV/0! | D102: =CONFIDENCE(0.05,D101,5) -> #DIV/0! | E102: =CONFIDENCE(0.05,E101,5) -> #DIV/0! | F102: =CONFIDENCE(0.05,F101,5) -> #DIV/0! | G102: =CONFIDENCE(0.05,G101,5) -> #DIV/0! | H102: =CONFIDENCE(0.05,H101,5) -> #DIV/0!
A104: non-incremental insertions 1%
A105: RUN 1
A106: RUN 2
A107: RUN 3
A108: RUN 4
A109: RUN 5
A110: AVG | B110: =(SUM(B105:B109) -MAX(B105:B109) -MIN(B105:B109))/((COUNT(B105:B109)-2)*1000) -> 0 | C110: =(SUM(C105:C109) -MAX(C105:C109) -MIN(C105:C109))/((COUNT(C105:C109)-2)*1000) -> 0 | D110: =(SUM(D105:D109) -MAX(D105:D109) -MIN(D105:D109))/((COUNT(D105:D109)-2)*1000) -> 0 | E110: =(SUM(E105:E109) -MAX(E105:E109) -MIN(E105:E109))/((COUNT(E105:E109)-2)*1000) -> 0 | F110: =(SUM(F105:F109) -MAX(F105:F109) -MIN(F105:F109))/((COUNT(F105:F109)-2)*1000) -> 0 | G110: =(SUM(G105:G109) -MAX(G105:G109) -MIN(G105:G109))/((COUNT(G105:G109)-2)*1000) -> 0 | H110: =(SUM(H105:H109) -MAX(H105:H109) -MIN(H105:H109))/((COUNT(H105:H109)-2)*1000) -> 0
...

Sheet int - 6k
A1: scalabilityInt - tuples/peer: | B1: 6k
A2: #peers | B2: 2 | C2: 4 | D2: 6 | E2: 8 | F2: 10 | G2: 12 | H2: 14 | I2: 16 | J2: 18 | K2: 20 | L2: 22
A3: initial solution
A4: RUN 1 | B4: 1498 | C4: 4820 | D4: 10593 | E4: 19220 | F4: 17441 | G4: 35818 | H4: 43259 | I4: 69810 | J4: 81698 | K4: 73165 | L4: 62541
A5: RUN 2 | B5: 1388 | C5: 4493 | D5: 10343 | E5: 20311 | F5: 17332 | G5: 43088 | H5: 44382 | I5: 78343 | J5: 94397 | K5: 76534 | L5: 63555
A6: RUN 3 | B6: 1373 | C6: 4493 | D6: 10233 | E6: 20998 | F6: 17269 | G6: 43244 | H6: 44492 | I6: 76783 | J6: 94958 | K6: 88626 | L6: 63508
A7: RUN 4 | B7: 1388 | C7: 4508 | D7: 10249 | E7: 19094 | F7: 17285 | G7: 42620 | H7: 44398 | I7: 76831 | J7: 92415 | K7: 88179 | L7: 63336
A8: RUN 5 | B8: 1389 | C8: 4508 | D8: 10296 | E8: 19079 | F8: 17300 | G8: 42417 | H8: 44476 | I8: 79201 | J8: 96253 | K8: 87760 | L8: 63384
A9: AVG | B9: =(SUM(B4:B8) -MAX(B4:B8) -MIN(B4:B8))/((COUNT(B4:B8)-2)*1000) -> 1.3883333 | C9: =(SUM(C4:C8) -MAX(C4:C8) -MIN(C4:C8))/((COUNT(C4:C8)-2)*1000) -> 4.503 | D9: =(SUM(D4:D8) -MAX(D4:D8) -MIN(D4:D8))/((COUNT(D4:D8)-2)*1000) -> 10.296 | E9: =(SUM(E4:E8) -MAX(E4:E8) -MIN(E4:E8))/((COUNT(E4:E8)-2)*1000) -> 19.541667 | F9: =(SUM(F4:F8) -MAX(F4:F8) -MIN(F4:F8))/((COUNT(F4:F8)-2)*1000) -> 17.305667 | G9: =(SUM(G4:G8) -MAX(G4:G8) -MIN(G4:G8))/((COUNT(G4:G8)-2)*1000) -> 42.708333 | H9: =(SUM(H4:H8) -MAX(H4:H8) -MIN(H4:H8))/((COUNT(H4:H8)-2)*1000) -> 44.418667 | I9: =(SUM(I4:I8) -MAX(I4:I8) -MIN(I4:I8))/((COUNT(I4:I8)-2)*1000) -> 77.319 | ... L9: =(SUM(L4:L8) -MAX(L4:L8) -MIN(L4:L8))/((COUNT(L4:L8)-2)*1000) -> 63.409333 | M9: sec
A10: STDEV | B10: =STDEV(B4:B8)/1000 -> 0.051192773 | C10: =STDEV(C4:C8)/1000 -> 0.14308145 | D10: =STDEV(D4:D8)/1000 -> 0.14632566 | E10: =STDEV(E4:E8)/1000 -> 0.87081014 | F10: =STDEV(F4:F8)/1000 -> 0.068675323 | G10: =STDEV(G4:G8)/1000 -> 3.159276 | H10: =STDEV(H4:H8)/1000 -> 0.52897051 | I10: =STDEV(I4:I8)/1000 -> 3.7137715 | ... L10: =STDEV(L4:L8)/1000 -> 0.41428456
A11: CONFIDENCE | B11: =CONFIDENCE(0.05,B10,5) -> 0.044871619 | C11: =CONFIDENCE(0.05,C10,5) -> 0.12541411 | D11: =CONFIDENCE(0.05,D10,5) -> 0.12825774 | E11: =CONFIDENCE(0.05,E10,5) -> 0.76328472 | F11: =CONFIDENCE(0.05,F10,5) -> 0.060195469 | G11: =CONFIDENCE(0.05,G10,5) -> 2.7691766 | H11: =CONFIDENCE(0.05,H10,5) -> 0.46365457 | I11: =CONFIDENCE(0.05,I10,5) -> 3.2552044 | ... L11: =CONFIDENCE(0.05,L10,5) -> 0.36312976
A13: incremental deletions 1%
A14: RUN 1 | B14: 639 | C14: 2199 | D14: 4228 | E14: 6255 | F14: 7754 | G14: 11497 | H14: 13338 | I14: 16130 | J14: 17285 | K14: 18366 | L14: 19188
A15: RUN 2 | B15: 109 | C15: 343 | D15: 577 | E15: 920 | F15: 1279 | G15: 1342 | H15: 1529 | I15: 2902 | J15: 2558 | K15: 2388 | L15: 1919
A16: RUN 3 | B16: 125 | C16: 343 | D16: 561 | E16: 858 | F16: 1279 | G16: 1310 | H16: 1513 | I16: 2590 | J16: 2558 | K16: 2340 | L16: 1934
A17: RUN 4 | B17: 124 | C17: 328 | D17: 561 | E17: 826 | F17: 1263 | G17: 1342 | H17: 1514 | I17: 2371 | J17: 2465 | K17: 2293 | L17: 1981
A18: RUN 5 | B18: 125 | C18: 344 | D18: 593 | E18: 826 | F18: 1310 | G18: 1341 | H18: 1482 | I18: 2199 | J18: 2465 | K18: 2371 | L18: 1919
A19: AVG | B19: =(SUM(B14:B18) -MAX(B14:B18) -MIN(B14:B18))/((COUNT(B14:B18)-2)*1000) -> 0.12466667 | C19: =(SUM(C14:C18) -MAX(C14:C18) -MIN(C14:C18))/((COUNT(C14:C18)-2)*1000) -> 0.34333333 | D19: =(SUM(D14:D18) -MAX(D14:D18) -MIN(D14:D18))/((COUNT(D14:D18)-2)*1000) -> 0.577 | E19: =(SUM(E14:E18) -MAX(E14:E18) -MIN(E14:E18))/((COUNT(E14:E18)-2)*1000) -> 0.868 | F19: =(SUM(F14:F18) -MAX(F14:F18) -MIN(F14:F18))/((COUNT(F14:F18)-2)*1000) -> 1.2893333 | G19: =(SUM(G14:G18) -MAX(G14:G18) -MIN(G14:G18))/((COUNT(G14:G18)-2)*1000) -> 1.3416667 | H19: =(SUM(H14:H18) -MAX(H14:H18) -MIN(H14:H18))/((COUNT(H14:H18)-2)*1000) -> 1.5186667 | I19: =(SUM(I14:I18) -MAX(I14:I18) -MIN(I14:I18))/((COUNT(I14:I18)-2)*1000) -> 2.621 | ... L19: =(SUM(L14:L18) -MAX(L14:L18) -MIN(L14:L18))/((COUNT(L14:L18)-2)*1000) -> 1.9446667 | M19: sec
A20: STDEV | B20: =STDEV(B14:B18)/1000 -> 0.23186807 | C20: =STDEV(C14:C18)/1000 -> 0.83162029 | D20: =STDEV(D14:D18)/1000 -> 1.6346195 | E20: =STDEV(E14:E18)/1000 -> 2.4141404 | F20: =STDEV(F14:F18)/1000 -> 2.8940811 | G20: =STDEV(G14:G18)/1000 -> 4.5451643 | H20: =STDEV(H14:H18)/1000 -> 5.2898936 | I20: =STDEV(I14:I18)/1000 -> 6.0942529 | ... L20: =STDEV(L14:L18)/1000 -> 7.7143646
A21: CONFIDENCE | B21: =CONFIDENCE(0.05,B20,5) -> 0.20323759 | C21: =CONFIDENCE(0.05,C20,5) -> 0.72893393 | D21: =CONFIDENCE(0.05,D20,5) -> 1.4327809 | E21: =CONFIDENCE(0.05,E20,5) -> 2.1160485 | F21: =CONFIDENCE(0.05,F20,5) -> 2.5367273 | G21: =CONFIDENCE(0.05,G20,5) -> 3.9839389 | H21: =CONFIDENCE(0.05,H20,5) -> 4.636711 | I21: =CONFIDENCE(0.05,I20,5) -> 5.34175 | ... L21: =CONFIDENCE(0.05,L20,5) -> 6.7618145
A23: incremental deletions 10%
A24: RUN 1 | B24: 140 | C24: 453 | D24: 952 | E24: 1311 | F24: 2090 | G24: 1903 | H24: 1919 | I24: 3073 | J24: 3495 | K24: 3104 | L24: 2340
A25: RUN 2 | B25: 140 | C25: 468 | D25: 998 | E25: 1482 | F25: 2184 | G25: 2043 | H25: 2121 | I25: 3042 | J25: 3759 | K25: 3370 | L25: 2621
A26: RUN 3 | B26: 156 | C26: 452 | D26: 967 | E26: 1372 | F26: 2168 | G26: 1950 | H26: 1950 | I26: 2855 | J26: 3666 | K26: 3167 | L26: 2403
A27: RUN 4 | B27: 141 | C27: 468 | D27: 936 | E27: 1311 | F27: 2169 | G27: 1934 | H27: 1950 | I27: 2839 | J27: 3448 | K27: 3167 | L27: 2402
A28: RUN 5 | B28: 156 | C28: 453 | D28: 936 | E28: 1295 | F28: 2168 | G28: 1965 | H28: 1965 | I28: 2839 | J28: 3385 | K28: 3136 | L28: 2324
A29: AVG | B29: =(SUM(B24:B28) -MAX(B24:B28) -MIN(B24:B28))/((COUNT(B24:B28)-2)*1000) -> 0.14566667 | C29: =(SUM(C24:C28) -MAX(C24:C28) -MIN(C24:C28))/((COUNT(C24:C28)-2)*1000) -> 0.458 | D29: =(SUM(D24:D28) -MAX(D24:D28) -MIN(D24:D28))/((COUNT(D24:D28)-2)*1000) -> 0.95166667 | E29: =(SUM(E24:E28) -MAX(E24:E28) -MIN(E24:E28))/((COUNT(E24:E28)-2)*1000) -> 1.3313333 | F29: =(SUM(F24:F28) -MAX(F24:F28) -MIN(F24:F28))/((COUNT(F24:F28)-2)*1000) -> 2.1683333 | G29: =(SUM(G24:G28) -MAX(G24:G28) -MIN(G24:G28))/((COUNT(G24:G28)-2)*1000) -> 1.9496667 | H29: =(SUM(H24:H28) -MAX(H24:H28) -MIN(H24:H28))/((COUNT(H24:H28)-2)*1000) -> 1.955 | I29: =(SUM(I24:I28) -MAX(I24:I28) -MIN(I24:I28))/((COUNT(I24:I28)-2)*1000) -> 2.912 | ... L29: =(SUM(L24:L28) -MAX(L24:L28) -MIN(L24:L28))/((COUNT(L24:L28)-2)*1000) -> 2.3816667 | M29: sec
A30: STDEV | B30: =STDEV(B24:B28)/1000 -> 0.0085906926 | C30: =STDEV(C24:C28)/1000 -> 0.0084083292 | D30: =STDEV(D24:D28)/1000 -> 0.025907528 | E30: =STDEV(E24:E28)/1000 -> 0.077276775 | F30: =STDEV(F24:F28)/1000 -> 0.037405882 | G30: =STDEV(G24:G28)/1000 -> 0.052282884 | H30: =STDEV(H24:H28)/1000 -> 0.080034368 | I30: =STDEV(I24:I28)/1000 -> 0.11745127 | ... L30: =STDEV(L24:L28)/1000 -> 0.11896428
A31: CONFIDENCE | B31: =CONFIDENCE(0.05,B30,5) -> 0.0075299357 | C31: =CONFIDENCE(0.05,C30,5) -> 0.0073700901 | D31: =CONFIDENCE(0.05,D30,5) -> 0.022708532 | E31: =CONFIDENCE(0.05,E30,5) -> 0.067734835 | F31: =CONFIDENCE(0.05,F30,5) -> 0.032787099 | G31: =CONFIDENCE(0.05,G30,5) -> 0.045827127 | H31: =CONFIDENCE(0.05,H30,5) -> 0.070151927 | I31: =CONFIDENCE(0.05,I30,5) -> 0.10294868 | ... L31: =CONFIDENCE(0.05,L30,5) -> 0.10427487
A33: incremental deletions 50%
A34: RUN 1 | B34: 281 | C34: 1061 | D34: 2667 | E34: 3557 | F34: 5835 | G34: 4961 | H34: 4025 | I34: 6505 | J34: 8253 | K34: 6365 | L34: 4071
A35: RUN 2 | B35: 296 | C35: 1139 | D35: 2854 | E35: 3572 | F35: 6178 | G35: 5257 | H35: 4243 | I35: 6879 | J35: 9484 | K35: 6896 | L35: 4368
A36: RUN 3 | B36: 312 | C36: 1139 | D36: 2855 | E36: 3510 | F36: 6193 | G36: 5257 | H36: 4259 | I36: 6864 | J36: 9251 | K36: 6755 | L36: 4306
A37: RUN 4 | B37: 312 | C37: 1155 | D37: 2839 | E37: 3463 | F37: 6209 | G37: 5258 | H37: 4243 | I37: 7051 | J37: 8861 | K37: 6786 | L37: 4305
A38: RUN 5 | B38: 312 | C38: 1139 | D38: 2855 | E38: 3463 | F38: 6193 | G38: 5257 | H38: 4259 | I38: 7254 | J38: 8799 | K38: 6755 | L38: 4368
A39: AVG | B39: =(SUM(B34:B38) -MAX(B34:B38) -MIN(B34:B38))/((COUNT(B34:B38)-2)*1000) -> 0.30666667 | C39: =(SUM(C34:C38) -MAX(C34:C38) -MIN(C34:C38))/((COUNT(C34:C38)-2)*1000) -> 1.139 | D39: =(SUM(D34:D38) -MAX(D34:D38) -MIN(D34:D38))/((COUNT(D34:D38)-2)*1000) -> 2.8493333 | E39: =(SUM(E34:E38) -MAX(E34:E38) -MIN(E34:E38))/((COUNT(E34:E38)-2)*1000) -> 3.51 | F39: =(SUM(F34:F38) -MAX(F34:F38) -MIN(F34:F38))/((COUNT(F34:F38)-2)*1000) -> 6.188 | G39: =(SUM(G34:G38) -MAX(G34:G38) -MIN(G34:G38))/((COUNT(G34:G38)-2)*1000) -> 5.257 | H39: =(SUM(H34:H38) -MAX(H34:H38) -MIN(H34:H38))/((COUNT(H34:H38)-2)*1000) -> 4.2483333 | I39: =(SUM(I34:I38) -MAX(I34:I38) -MIN(I34:I38))/((COUNT(I34:I38)-2)*1000) -> 6.9313333 | ... L39: =(SUM(L34:L38) -MAX(L34:L38) -MIN(L34:L38))/((COUNT(L34:L38)-2)*1000) -> 4.3263333 | M39: sec
A40: STDEV | B40: =STDEV(B34:B38)/1000 -> 0.013921207 | C40: =STDEV(C34:C38)/1000 -> 0.037320236 | D40: =STDEV(D34:D38)/1000 -> 0.082456049 | E40: =STDEV(E34:E38)/1000 -> 0.051053893 | F40: =STDEV(F34:F38)/1000 -> 0.16058892 | G40: =STDEV(G34:G38)/1000 -> 0.13248774 | H40: =STDEV(H34:H38)/1000 -> 0.10138639 | I40: =STDEV(I34:I38)/1000 -> 0.27627758 | ... L40: =STDEV(L34:L38)/1000 -> 0.12288735
A41: CONFIDENCE | B41: =CONFIDENCE(0.05,B40,5) -> 0.012202252 | C41: =CONFIDENCE(0.05,C40,5) -> 0.032712028 | D41: =CONFIDENCE(0.05,D40,5) -> 0.072274585 | E41: =CONFIDENCE(0.05,E40,5) -> 0.044749888 | F41: =CONFIDENCE(0.05,F40,5) -> 0.1407598 | G41: =CONFIDENCE(0.05,G40,5) -> 0.11612849 | H41: =CONFIDENCE(0.05,H40,5) -> 0.088867456 | I41: =CONFIDENCE(0.05,I40,5) -> 0.24216352 | ... L41: =CONFIDENCE(0.05,L40,5) -> 0.10771353
A43: incremental insertions 1%
A44: RUN 1 | B44: 266 | C44: 1014 | D44: 2106 | E44: 9079 | F44: 2449 | G44: 6240 | H44: 8517 | I44: 17612 | J44: 43789 | K44: 18127 | L44: 13728
A45: RUN 2 | B45: 234 | C45: 967 | D45: 2013 | E45: 7754 | F45: 2403 | G45: 6053 | H45: 7956 | I45: 16178 | J45: 32229 | K45: 17519 | L45: 11278
A46: RUN 3 | B46: 250 | C46: 967 | D46: 1997 | E46: 7457 | F46: 2403 | G46: 6053 | H46: 7784 | I46: 16069 | J46: 40482 | K46: 17410 | L46: 10983
A47: RUN 4 | B47: 234 | C47: 998 | D47: 2013 | E47: 6100 | F47: 2387 | G47: 6084 | H47: 7784 | I47: 16162 | J47: 18861 | K47: 18611 | L47: 11061
A48: RUN 5 | B48: 234 | C48: 952 | D48: 2043 | E48: 5460 | F48: 2402 | G48: 6053 | H48: 7816 | I48: 16147 | J48: 19094 | K48: 18579 | L48: 11029
A49: AVG | B49: =(SUM(B44:B48) -MAX(B44:B48) -MIN(B44:B48))/((COUNT(B44:B48)-2)*1000) -> 0.23933333 | C49: =(SUM(C44:C48) -MAX(C44:C48) -MIN(C44:C48))/((COUNT(C44:C48)-2)*1000) -> 0.97733333 | D49: =(SUM(D44:D48) -MAX(D44:D48) -MIN(D44:D48))/((COUNT(D44:D48)-2)*1000) -> 2.023 | E49: =(SUM(E44:E48) -MAX(E44:E48) -MIN(E44:E48))/((COUNT(E44:E48)-2)*1000) -> 7.1036667 | F49: =(SUM(F44:F48) -MAX(F44:F48) -MIN(F44:F48))/((COUNT(F44:F48)-2)*1000) -> 2.4026667 | G49: =(SUM(G44:G48) -MAX(G44:G48) -MIN(G44:G48))/((COUNT(G44:G48)-2)*1000) -> 6.0633333 | H49: =(SUM(H44:H48) -MAX(H44:H48) -MIN(H44:H48))/((COUNT(H44:H48)-2)*1000) -> 7.852 | I49: =(SUM(I44:I48) -MAX(I44:I48) -MIN(I44:I48))/((COUNT(I44:I48)-2)*1000) -> 16.162333 | ... L49: =(SUM(L44:L48) -MAX(L44:L48) -MIN(L44:L48))/((COUNT(L44:L48)-2)*1000) -> 11.122667 | M49: sec
A50: STDEV | B50: =STDEV(B44:B48)/1000 -> 0.014310835 | C50: =STDEV(C44:C48)/1000 -> 0.02550098 | D50: =STDEV(D44:D48)/1000 -> 0.043345127 | E50: =STDEV(E44:E48)/1000 -> 1.4262456 | F50: =STDEV(F44:F48)/1000 -> 0.023477649 | G50: =STDEV(G44:G48)/1000 -> 0.081279149 | H50: =STDEV(H44:H48)/1000 -> 0.31317056 | I50: =STDEV(I44:I48)/1000 -> 0.66007522 | ... L50: =STDEV(L44:L48)/1000 -> 1.1861778
A51: CONFIDENCE | B51: =CONFIDENCE(0.05,B50,5) -> 0.01254377 | C51: =CONFIDENCE(0.05,C50,5) -> 0.022352184 | D51: =CONFIDENCE(0.05,D50,5) -> 0.03799298 | E51: =CONFIDENCE(0.05,E50,5) -> 1.2501364 | F51: =CONFIDENCE(0.05,F50,5) -> 0.020578689 | G51: =CONFIDENCE(0.05,G50,5) -> 0.071243006 | H51: =CONFIDENCE(0.05,H50,5) -> 0.27450106 | I51: =CONFIDENCE(0.05,I50,5) -> 0.57857081 | ... L51: =CONFIDENCE(0.05,L50,5) -> 1.0397116
A53: incremental insertions 10%
A54: RUN 1 | B54: 406 | C54: 1342 | D54: 2714 | E54: 10436 | F54: 3448 | G54: 8611 | H54: 11122 | I54: 21794 | J54: 25693 | K54: 23462 | L54: 16162
A55: RUN 2 | B55: 358 | C55: 1294 | D55: 2730 | E55: 10483 | F55: 3510 | G55: 8705 | H55: 11357 | I55: 23150 | J55: 27425 | K55: 24695 | L55: 16629
A56: RUN 3 | B56: 344 | C56: 1311 | D56: 2699 | E56: 8924 | F56: 3510 | G56: 8689 | H56: 11217 | I56: 21871 | J56: 25756 | K56: 23119 | L56: 16473
A57: RUN 4 | B57: 328 | C57: 1263 | D57: 2683 | E57: 8705 | F57: 3494 | G57: 8705 | H57: 11201 | I57: 21918 | J57: 26863 | K57: 22979 | L57: 16256
A58: RUN 5 | B58: 343 | C58: 1279 | D58: 2683 | E58: 7441 | F58: 3495 | G58: 8736 | H58: 11201 | I58: 21700 | J58: 25522 | K58: 24134 | L58: 16052
A59: AVG | B59: =(SUM(B54:B58) -MAX(B54:B58) -MIN(B54:B58))/((COUNT(B54:B58)-2)*1000) -> 0.34833333 | C59: =(SUM(C54:C58) -MAX(C54:C58) -MIN(C54:C58))/((COUNT(C54:C58)-2)*1000) -> 1.2946667 | D59: =(SUM(D54:D58) -MAX(D54:D58) -MIN(D54:D58))/((COUNT(D54:D58)-2)*1000) -> 2.6986667 | E59: =(SUM(E54:E58) -MAX(E54:E58) -MIN(E54:E58))/((COUNT(E54:E58)-2)*1000) -> 9.355 | F59: =(SUM(F54:F58) -MAX(F54:F58) -MIN(F54:F58))/((COUNT(F54:F58)-2)*1000) -> 3.4996667 | G59: =(SUM(G54:G58) -MAX(G54:G58) -MIN(G54:G58))/((COUNT(G54:G58)-2)*1000) -> 8.6996667 | H59: =(SUM(H54:H58) -MAX(H54:H58) -MIN(H54:H58))/((COUNT(H54:H58)-2)*1000) -> 11.206333 | I59: =(SUM(I54:I58) -MAX(I54:I58) -MIN(I54:I58))/((COUNT(I54:I58)-2)*1000) -> 21.861 | ... L59: =(SUM(L54:L58) -MAX(L54:L58) -MIN(L54:L58))/((COUNT(L54:L58)-2)*1000) -> 16.297 | M59: sec
A60: STDEV | B60: =STDEV(B54:B58)/1000 -> 0.030003333 | C60: =STDEV(C54:C58)/1000 -> 0.030441748 | D60: =STDEV(D54:D58)/1000 -> 0.020364184 | E60: =STDEV(E54:E58)/1000 -> 1.2834565 | F60: =STDEV(F54:F58)/1000 -> 0.025471553 | G60: =STDEV(G54:G58)/1000 -> 0.046916948 | H60: =STDEV(H54:H58)/1000 -> 0.0852983 | I60: =STDEV(I54:I58)/1000 -> 0.60016731 | ... L60: =STDEV(L54:L58)/1000 -> 0.23431667
A61: CONFIDENCE | B61: =CONFIDENCE(0.05,B60,5) -> 0.026298598 | C61: =CONFIDENCE(0.05,C60,5) -> 0.026682878 | D61: =CONFIDENCE(0.05,D60,5) -> 0.017849667 | E61: =CONFIDENCE(0.05,E60,5) -> 1.1249786 | F61: =CONFIDENCE(0.05,F60,5) -> 0.02232639 | G61: =CONFIDENCE(0.05,G60,5) -> 0.041123762 | H61: =CONFIDENCE(0.05,H60,5) -> 0.074765883 | I61: =CONFIDENCE(0.05,I60,5) -> 0.52606018 | ... L61: =CONFIDENCE(0.05,L60,5) -> 0.20538384
A63: incremental insertions 50%
A64: RUN 1 | B64: 702 | C64: 3167 | D64: 8721 | E64: 18018 | F64: 8362 | G64: 21387 | H64: 26254 | I64: 47440 | J64: 56863 | K64: 52588 | L64: 39593
A65: RUN 2 | B65: 764 | C65: 2777 | D65: 6723 | E65: 17222 | F65: 8782 | G65: 21606 | H65: 27971 | I65: 50731 | J65: 64850 | K65: 61059 | L65: 48033
A66: RUN 3 | B66: 718 | C66: 2776 | D66: 6661 | E66: 16239 | F66: 8783 | G66: 20935 | H66: 27518 | I66: 49764 | J66: 64600 | K66: 60404 | L66: 46067
A67: RUN 4 | B67: 843 | C67: 2699 | D67: 6630 | E67: 15350 | F67: 8783 | G67: 20935 | H67: 27643 | I67: 48876 | J67: 64101 | K67: 60341 | L67: 46707
A68: RUN 5 | B68: 827 | C68: 2792 | D68: 6646 | E68: 14851 | F68: 14508 | G68: 20904 | H68: 27627 | I68: 49265 | J68: 63649 | K68: 60810 | L68: 46738
A69: AVG | B69: =(SUM(B64:B68) -MAX(B64:B68) -MIN(B64:B68))/((COUNT(B64:B68)-2)*1000) -> 0.76966667 | C69: =(SUM(C64:C68) -MAX(C64:C68) -MIN(C64:C68))/((COUNT(C64:C68)-2)*1000) -> 2.7816667 | D69: =(SUM(D64:D68) -MAX(D64:D68) -MIN(D64:D68))/((COUNT(D64:D68)-2)*1000) -> 6.6766667 | E69: =(SUM(E64:E68) -MAX(E64:E68) -MIN(E64:E68))/((COUNT(E64:E68)-2)*1000) -> 16.270333 | F69: =(SUM(F64:F68) -MAX(F64:F68) -MIN(F64:F68))/((COUNT(F64:F68)-2)*1000) -> 8.7826667 | G69: =(SUM(G64:G68) -MAX(G64:G68) -MIN(G64:G68))/((COUNT(G64:G68)-2)*1000) -> 21.085667 | H69: =(SUM(H64:H68) -MAX(H64:H68) -MIN(H64:H68))/((COUNT(H64:H68)-2)*1000) -> 27.596 | I69: =(SUM(I64:I68) -MAX(I64:I68) -MIN(I64:I68))/((COUNT(I64:I68)-2)*1000) -> 49.301667 | ... L69: =(SUM(L64:L68) -MAX(L64:L68) -MIN(L64:L68))/((COUNT(L64:L68)-2)*1000) -> 46.504 | M69: sec
A70: STDEV | B70: =STDEV(B64:B68)/1000 -> 0.06312448 | C70: =STDEV(C64:C68)/1000 -> 0.18517208 | D70: =STDEV(D64:D68)/1000 -> 0.92014602 | E70: =STDEV(E64:E68)/1000 -> 1.3039316 | F70: =STDEV(F64:F68)/1000 -> 2.6138336 | G70: =STDEV(G64:G68)/1000 -> 0.3228828 | H70: =STDEV(H64:H68)/1000 -> 0.66404541 | I70: =STDEV(I64:I68)/1000 -> 1.2111671 | ... L70: =STDEV(L64:L68)/1000 -> 3.3389187
A71: CONFIDENCE | B71: =CONFIDENCE(0.05,B70,5) -> 0.05533003 | C71: =CONFIDENCE(0.05,C70,5) -> 0.1623075 | D71: =CONFIDENCE(0.05,D70,5) -> 0.80652873 | E71: =CONFIDENCE(0.05,E70,5) -> 1.1429254 | F71: =CONFIDENCE(0.05,F70,5) -> 2.2910841 | G71: =CONFIDENCE(0.05,G70,5) -> 0.28301405 | H71: =CONFIDENCE(0.05,H70,5) -> 0.58205077 | I71: =CONFIDENCE(0.05,I70,5) -> 1.0616152 | ... L71: =CONFIDENCE(0.05,L70,5) -> 2.9266375
A73: ------------------------------------------------------------------------------------------------------------------------------------------------------------------------------
A74: non-incremental deletions 1%
A75: RUN 1
A76: RUN 2
A77: RUN 3
A78: RUN 4
A79: RUN 5
A80: AVG | B80: =(SUM(B75:B79) -MAX(B75:B79) -MIN(B75:B79))/((COUNT(B75:B79)-2)*1000) -> 0 | C80: =(SUM(C75:C79) -MAX(C75:C79) -MIN(C75:C79))/((COUNT(C75:C79)-2)*1000) -> 0 | D80: =(SUM(D75:D79) -MAX(D75:D79) -MIN(D75:D79))/((COUNT(D75:D79)-2)*1000) -> 0 | E80: =(SUM(E75:E79) -MAX(E75:E79) -MIN(E75:E79))/((COUNT(E75:E79)-2)*1000) -> 0 | F80: =(SUM(F75:F79) -MAX(F75:F79) -MIN(F75:F79))/((COUNT(F75:F79)-2)*1000) -> 0 | G80: =(SUM(G75:G79) -MAX(G75:G79) -MIN(G75:G79))/((COUNT(G75:G79)-2)*1000) -> 0 | H80: =(SUM(H75:H79) -MAX(H75:H79) -MIN(H75:H79))/((COUNT(H75:H79)-2)*1000) -> 0
A81: STDEV | B81: =STDEV(B75:B79)/1000 -> #DIV/0! | C81: =STDEV(C75:C79)/1000 -> #DIV/0! | D81: =STDEV(D75:D79)/1000 -> #DIV/0! | E81: =STDEV(E75:E79)/1000 -> #DIV/0! | F81: =STDEV(F75:F79)/1000 -> #DIV/0! | G81: =STDEV(G75:G79)/1000 -> #DIV/0! | H81: =STDEV(H75:H79)/1000 -> #DIV/0!
A82: CONFIDENCE | B82: =CONFIDENCE(0.05,B81,5) -> #DIV/0! | C82: =CONFIDENCE(0.05,C81,5) -> #DIV/0! | D82: =CONFIDENCE(0.05,D81,5) -> #DIV/0! | E82: =CONFIDENCE(0.05,E81,5) -> #DIV/0! | F82: =CONFIDENCE(0.05,F81,5) -> #DIV/0! | G82: =CONFIDENCE(0.05,G81,5) -> #DIV/0! | H82: =CONFIDENCE(0.05,H81,5) -> #DIV/0!
A84: non-incremental deletions 10%
A85: RUN 1
A86: RUN 2
A87: RUN 3
A88: RUN 4
A89: RUN 5
A90: AVG | B90: =(SUM(B85:B89) -MAX(B85:B89) -MIN(B85:B89))/((COUNT(B85:B89)-2)*1000) -> 0 | C90: =(SUM(C85:C89) -MAX(C85:C89) -MIN(C85:C89))/((COUNT(C85:C89)-2)*1000) -> 0 | D90: =(SUM(D85:D89) -MAX(D85:D89) -MIN(D85:D89))/((COUNT(D85:D89)-2)*1000) -> 0 | E90: =(SUM(E85:E89) -MAX(E85:E89) -MIN(E85:E89))/((COUNT(E85:E89)-2)*1000) -> 0 | F90: =(SUM(F85:F89) -MAX(F85:F89) -MIN(F85:F89))/((COUNT(F85:F89)-2)*1000) -> 0 | G90: =(SUM(G85:G89) -MAX(G85:G89) -MIN(G85:G89))/((COUNT(G85:G89)-2)*1000) -> 0 | H90: =(SUM(H85:H89) -MAX(H85:H89) -MIN(H85:H89))/((COUNT(H85:H89)-2)*1000) -> 0
A91: STDEV | B91: =STDEV(B85:B89)/1000 -> #DIV/0! | C91: =STDEV(C85:C89)/1000 -> #DIV/0! | D91: =STDEV(D85:D89)/1000 -> #DIV/0! | E91: =STDEV(E85:E89)/1000 -> #DIV/0! | F91: =STDEV(F85:F89)/1000 -> #DIV/0! | G91: =STDEV(G85:G89)/1000 -> #DIV/0! | H91: =STDEV(H85:H89)/1000 -> #DIV/0!
A92: CONFIDENCE | B92: =CONFIDENCE(0.05,B91,5) -> #DIV/0! | C92: =CONFIDENCE(0.05,C91,5) -> #DIV/0! | D92: =CONFIDENCE(0.05,D91,5) -> #DIV/0! | E92: =CONFIDENCE(0.05,E91,5) -> #DIV/0! | F92: =CONFIDENCE(0.05,F91,5) -> #DIV/0! | G92: =CONFIDENCE(0.05,G91,5) -> #DIV/0! | H92: =CONFIDENCE(0.05,H91,5) -> #DIV/0!
A94: non-incremental deletions 50%
A95: RUN 1
A96: RUN 2
A97: RUN 3
A98: RUN 4
A99: RUN 5
A100: AVG | B100: =(SUM(B95:B99) -MAX(B95:B99) -MIN(B95:B99))/((COUNT(B95:B99)-2)*1000) -> 0 | C100: =(SUM(C95:C99) -MAX(C95:C99) -MIN(C95:C99))/((COUNT(C95:C99)-2)*1000) -> 0 | D100: =(SUM(D95:D99) -MAX(D95:D99) -MIN(D95:D99))/((COUNT(D95:D99)-2)*1000) -> 0 | E100: =(SUM(E95:E99) -MAX(E95:E99) -MIN(E95:E99))/((COUNT(E95:E99)-2)*1000) -> 0 | F100: =(SUM(F95:F99) -MAX(F95:F99) -MIN(F95:F99))/((COUNT(F95:F99)-2)*1000) -> 0 | G100: =(SUM(G95:G99) -MAX(G95:G99) -MIN(G95:G99))/((COUNT(G95:G99)-2)*1000) -> 0 | H100: =(SUM(H95:H99) -MAX(H95:H99) -MIN(H95:H99))/((COUNT(H95:H99)-2)*1000) -> 0
A101: STDEV | B101: =STDEV(B95:B99)/1000 -> #DIV/0! | C101: =STDEV(C95:C99)/1000 -> #DIV/0! | D101: =STDEV(D95:D99)/1000 -> #DIV/0! | E101: =STDEV(E95:E99)/1000 -> #DIV/0! | F101: =STDEV(F95:F99)/1000 -> #DIV/0! | G101: =STDEV(G95:G99)/1000 -> #DIV/0! | H101: =STDEV(H95:H99)/1000 -> #DIV/0!
A102: CONFIDENCE | B102: =CONFIDENCE(0.05,B101,5) -> #DIV/0! | C102: =CONFIDENCE(0.05,C101,5) -> #DIV/0! | D102: =CONFIDENCE(0.05,D101,5) -> #DIV/0! | E102: =CONFIDENCE(0.05,E101,5) -> #DIV/0! | F102: =CONFIDENCE(0.05,F101,5) -> #DIV/0! | G102: =CONFIDENCE(0.05,G101,5) -> #DIV/0! | H102: =CONFIDENCE(0.05,H101,5) -> #DIV/0!
A104: non-incremental insertions 1%
A105: RUN 1
A106: RUN 2
A107: RUN 3
A108: RUN 4
A109: RUN 5
A110: AVG | B110: =(SUM(B105:B109) -MAX(B105:B109) -MIN(B105:B109))/((COUNT(B105:B109)-2)*1000) -> 0 | C110: =(SUM(C105:C109) -MAX(C105:C109) -MIN(C105:C109))/((COUNT(C105:C109)-2)*1000) -> 0 | D110: =(SUM(D105:D109) -MAX(D105:D109) -MIN(D105:D109))/((COUNT(D105:D109)-2)*1000) -> 0 | E110: =(SUM(E105:E109) -MAX(E105:E109) -MIN(E105:E109))/((COUNT(E105:E109)-2)*1000) -> 0 | F110: =(SUM(F105:F109) -MAX(F105:F109) -MIN(F105:F109))/((COUNT(F105:F109)-2)*1000) -> 0 | G110: =(SUM(G105:G109) -MAX(G105:G109) -MIN(G105:G109))/((COUNT(G105:G109)-2)*1000) -> 0 | H110: =(SUM(H105:H109) -MAX(H105:H109) -MIN(H105:H109))/((COUNT(H105:H109)-2)*1000) -> 0
...

Sheet int - 8k
A1: scalabilityInt - tuples/peer: | B1: 8k
A2: #peers | B2: 2 | C2: 4 | D2: 6 | E2: 8 | F2: 10 | G2: 12 | H2: 14 | I2: 16
A3: initial solution
A4: RUN 1 | B4: 1856 | C4: 5943 | D4: 13151 | E4: 24118 | F4: 22776 | G4: 44741 | H4: 57097 | I4: 92493
A5: RUN 2 | B5: 1810 | C5: 5803 | D5: 13323 | E5: 24851 | F5: 23228 | G5: 48017 | H5: 60029 | I5: 97423
A6: RUN 3 | B6: 1794 | C6: 5804 | D6: 13229 | E6: 24649 | F6: 23260 | G6: 48127 | H6: 60356 | I6: 97672
A7: RUN 4 | B7: 1810 | C7: 5928 | D7: 13292 | E7: 24570 | F7: 23291 | G7: 48001 | H7: 60232 | I7: 97189
A8: RUN 5 | B8: 1826 | C8: 5912 | D8: 13385 | E8: 24679 | F8: 23291 | G8: 48049 | H8: 60373 | I8: 95286
A9: AVG | B9: =(SUM(B4:B8) -MAX(B4:B8) -MIN(B4:B8))/((COUNT(B4:B8)-2)*1000) -> 1.8153333 | C9: =(SUM(C4:C8) -MAX(C4:C8) -MIN(C4:C8))/((COUNT(C4:C8)-2)*1000) -> 5.8813333 | D9: =(SUM(D4:D8) -MAX(D4:D8) -MIN(D4:D8))/((COUNT(D4:D8)-2)*1000) -> 13.281333 | E9: =(SUM(E4:E8) -MAX(E4:E8) -MIN(E4:E8))/((COUNT(E4:E8)-2)*1000) -> 24.632667 | F9: =(SUM(F4:F8) -MAX(F4:F8) -MIN(F4:F8))/((COUNT(F4:F8)-2)*1000) -> 23.259667 | G9: =(SUM(G4:G8) -MAX(G4:G8) -MIN(G4:G8))/((COUNT(G4:G8)-2)*1000) -> 48.022333 | H9: =(SUM(H4:H8) -MAX(H4:H8) -MIN(H4:H8))/((COUNT(H4:H8)-2)*1000) -> 60.205667 | I9: =(SUM(I4:I8) -MAX(I4:I8) -MIN(I4:I8))/((COUNT(I4:I8)-2)*1000) -> 96.632667 | J9: sec
A10: STDEV | B10: =STDEV(B4:B8)/1000 -> 0.023477649 | C10: =STDEV(C4:C8)/1000 -> 0.06888759 | D10: =STDEV(D4:D8)/1000 -> 0.089693924 | E10: =STDEV(E4:E8)/1000 -> 0.2744673 | F10: =STDEV(F4:F8)/1000 -> 0.22134746 | G10: =STDEV(G4:G8)/1000 -> 1.4799541 | H10: =STDEV(H4:H8)/1000 -> 1.4156293 | I10: =STDEV(I4:I8)/1000 -> 2.1818733
A11: CONFIDENCE | B11: =CONFIDENCE(0.05,B10,5) -> 0.020578689 | C11: =CONFIDENCE(0.05,C10,5) -> 0.060381525 | D11: =CONFIDENCE(0.05,D10,5) -> 0.078618746 | E11: =CONFIDENCE(0.05,E10,5) -> 0.24057678 | F11: =CONFIDENCE(0.05,F10,5) -> 0.19401604 | G11: =CONFIDENCE(0.05,G10,5) -> 1.2972131 | H11: =CONFIDENCE(0.05,H10,5) -> 1.240831 | I11: =CONFIDENCE(0.05,I10,5) -> 1.9124612
A13: incremental deletions 1%
A14: RUN 1 | B14: 671 | C14: 2262 | D14: 4368 | E14: 6443 | F14: 8252 | G14: 11778 | H14: 12854 | I14: 14383
A15: RUN 2 | B15: 141 | C15: 390 | D15: 702 | E15: 1107 | F15: 1560 | G15: 1591 | H15: 1903 | I15: 2527
A16: RUN 3 | B16: 141 | C16: 390 | D16: 702 | E16: 1061 | F16: 1575 | G16: 1575 | H16: 1919 | I16: 2465
A17: RUN 4 | B17: 140 | C17: 375 | D17: 718 | E17: 999 | F17: 1575 | G17: 1576 | H17: 1887 | I17: 2465
A18: RUN 5 | B18: 140 | C18: 390 | D18: 686 | E18: 999 | F18: 1545 | G18: 1576 | H18: 1919 | I18: 2511
A19: AVG | B19: =(SUM(B14:B18) -MAX(B14:B18) -MIN(B14:B18))/((COUNT(B14:B18)-2)*1000) -> 0.14066667 | C19: =(SUM(C14:C18) -MAX(C14:C18) -MIN(C14:C18))/((COUNT(C14:C18)-2)*1000) -> 0.39 | D19: =(SUM(D14:D18) -MAX(D14:D18) -MIN(D14:D18))/((COUNT(D14:D18)-2)*1000) -> 0.70733333 | E19: =(SUM(E14:E18) -MAX(E14:E18) -MIN(E14:E18))/((COUNT(E14:E18)-2)*1000) -> 1.0556667 | F19: =(SUM(F14:F18) -MAX(F14:F18) -MIN(F14:F18))/((COUNT(F14:F18)-2)*1000) -> 1.57 | G19: =(SUM(G14:G18) -MAX(G14:G18) -MIN(G14:G18))/((COUNT(G14:G18)-2)*1000) -> 1.581 | H19: =(SUM(H14:H18) -MAX(H14:H18) -MIN(H14:H18))/((COUNT(H14:H18)-2)*1000) -> 1.9136667 | I19: =(SUM(I14:I18) -MAX(I14:I18) -MIN(I14:I18))/((COUNT(I14:I18)-2)*1000) -> 2.501 | J19: sec
A20: STDEV | B20: =STDEV(B14:B18)/1000 -> 0.23724734 | C20: =STDEV(C14:C18)/1000 -> 0.83888605 | D20: =STDEV(D14:D18)/1000 -> 1.6395241 | E20: =STDEV(E14:E18)/1000 -> 2.4160528 | F20: =STDEV(F14:F18)/1000 -> 2.9911022 | G20: =STDEV(G14:G18)/1000 -> 4.5609127 | H20: =STDEV(H14:H18)/1000 -> 4.8956652 | I20: =STDEV(I14:I18)/1000 -> 5.3178884
A21: CONFIDENCE | B21: =CONFIDENCE(0.05,B20,5) -> 0.20795264 | C21: =CONFIDENCE(0.05,C20,5) -> 0.73530253 | D21: =CONFIDENCE(0.05,D20,5) -> 1.4370798 | E21: =CONFIDENCE(0.05,E20,5) -> 2.1177248 | F21: =CONFIDENCE(0.05,F20,5) -> 2.6217685 | G21: =CONFIDENCE(0.05,G20,5) -> 3.9977428 | H21: =CONFIDENCE(0.05,H20,5) -> 4.2911609 | I21: =CONFIDENCE(0.05,I20,5) -> 4.6612491
A23: incremental deletions 10%
A24: RUN 1 | B24: 171 | C24: 546 | D24: 1186 | E24: 1591 | F24: 2621 | G24: 2356 | H24: 2637 | I24: 3463
A25: RUN 2 | B25: 171 | C25: 562 | D25: 1450 | E25: 1606 | F25: 2746 | G25: 2558 | H25: 2668 | I25: 3791
A26: RUN 3 | B26: 187 | C26: 562 | D26: 1201 | E26: 1576 | F26: 2762 | G26: 2434 | H26: 2449 | I26: 3588
A27: RUN 4 | B27: 187 | C27: 546 | D27: 1201 | E27: 1560 | F27: 2761 | G27: 2480 | H27: 2528 | I27: 3588
A28: RUN 5 | B28: 172 | C28: 562 | D28: 1217 | E28: 1529 | F28: 2699 | G28: 2387 | H28: 2480 | I28: 3572
A29: AVG | B29: =(SUM(B24:B28) -MAX(B24:B28) -MIN(B24:B28))/((COUNT(B24:B28)-2)*1000) -> 0.17666667 | C29: =(SUM(C24:C28) -MAX(C24:C28) -MIN(C24:C28))/((COUNT(C24:C28)-2)*1000) -> 0.55666667 | D29: =(SUM(D24:D28) -MAX(D24:D28) -MIN(D24:D28))/((COUNT(D24:D28)-2)*1000) -> 1.2063333 | E29: =(SUM(E24:E28) -MAX(E24:E28) -MIN(E24:E28))/((COUNT(E24:E28)-2)*1000) -> 1.5756667 | F29: =(SUM(F24:F28) -MAX(F24:F28) -MIN(F24:F28))/((COUNT(F24:F28)-2)*1000) -> 2.7353333 | G29: =(SUM(G24:G28) -MAX(G24:G28) -MIN(G24:G28))/((COUNT(G24:G28)-2)*1000) -> 2.4336667 | H29: =(SUM(H24:H28) -MAX(H24:H28) -MIN(H24:H28))/((COUNT(H24:H28)-2)*1000) -> 2.5483333 | I29: =(SUM(I24:I28) -MAX(I24:I28) -MIN(I24:I28))/((COUNT(I24:I28)-2)*1000) -> 3.5826667 | J29: sec
A30: STDEV | B30: =STDEV(B24:B28)/1000 -> 0.0085906926 | C30: =STDEV(C24:C28)/1000 -> 0.0087635609 | D30: =STDEV(D24:D28)/1000 -> 0.11178327 | E30: =STDEV(E24:E28)/1000 -> 0.029686697 | F30: =STDEV(F24:F28)/1000 -> 0.059872364 | G30: =STDEV(G24:G28)/1000 -> 0.079655508 | H30: =STDEV(H24:H28)/1000 -> 0.096240844 | I30: =STDEV(I24:I28)/1000 -> 0.11866044
A31: CONFIDENCE | B31: =CONFIDENCE(0.05,B30,5) -> 0.0075299357 | C31: =CONFIDENCE(0.05,C30,5) -> 0.0076814587 | D31: =CONFIDENCE(0.05,D30,5) -> 0.097980558 | E31: =CONFIDENCE(0.05,E30,5) -> 0.026021059 | F31: =CONFIDENCE(0.05,F30,5) -> 0.052479477 | G31: =CONFIDENCE(0.05,G30,5) -> 0.069819848 | H31: =CONFIDENCE(0.05,H30,5) -> 0.084357269 | I31: =CONFIDENCE(0.05,I30,5) -> 0.10400855
A33: incremental deletions 50%
A34: RUN 1 | B34: 390 | C34: 1373 | D34: 3494 | E34: 4103 | F34: 7566 | G34: 6349 | H34: 5367 | I34: 8330
A35: RUN 2 | B35: 406 | C35: 1498 | D35: 3994 | E35: 4383 | F35: 7987 | G35: 6801 | H35: 6459 | I35: 10046
A36: RUN 3 | B36: 405 | C36: 1513 | D36: 3744 | E36: 4415 | F36: 7972 | G36: 6770 | H36: 5990 | I36: 9750
A37: RUN 4 | B37: 406 | C37: 1498 | D37: 3728 | E37: 4383 | F37: 7972 | G37: 6755 | H37: 5709 | I37: 8986
A38: RUN 5 | B38: 406 | C38: 1498 | D38: 3728 | E38: 4384 | F38: 8003 | G38: 6739 | H38: 5757 | I38: 9594
A39: AVG | B39: =(SUM(B34:B38) -MAX(B34:B38) -MIN(B34:B38))/((COUNT(B34:B38)-2)*1000) -> 0.40566667 | C39: =(SUM(C34:C38) -MAX(C34:C38) -MIN(C34:C38))/((COUNT(C34:C38)-2)*1000) -> 1.498 | D39: =(SUM(D34:D38) -MAX(D34:D38) -MIN(D34:D38))/((COUNT(D34:D38)-2)*1000) -> 3.7333333 | E39: =(SUM(E34:E38) -MAX(E34:E38) -MIN(E34:E38))/((COUNT(E34:E38)-2)*1000) -> 4.3833333 | F39: =(SUM(F34:F38) -MAX(F34:F38) -MIN(F34:F38))/((COUNT(F34:F38)-2)*1000) -> 7.977 | G39: =(SUM(G34:G38) -MAX(G34:G38) -MIN(G34:G38))/((COUNT(G34:G38)-2)*1000) -> 6.7546667 | H39: =(SUM(H34:H38) -MAX(H34:H38) -MIN(H34:H38))/((COUNT(H34:H38)-2)*1000) -> 5.8186667 | I39: =(SUM(I34:I38) -MAX(I34:I38) -MIN(I34:I38))/((COUNT(I34:I38)-2)*1000) -> 9.4433333 | J39: sec
A40: STDEV | B40: =STDEV(B34:B38)/1000 -> 0.0070569115 | C40: =STDEV(C34:C38)/1000 -> 0.057943938 | D40: =STDEV(D34:D38)/1000 -> 0.17699379 | E40: =STDEV(E34:E38)/1000 -> 0.12963719 | F40: =STDEV(F34:F38)/1000 -> 0.18715101 | G40: =STDEV(G34:G38)/1000 -> 0.18799521 | H40: =STDEV(H34:H38)/1000 -> 0.40376206 | I40: =STDEV(I34:I38)/1000 -> 0.68491985
A41: CONFIDENCE | B41: =CONFIDENCE(0.05,B40,5) -> 0.006185542 | C41: =CONFIDENCE(0.05,C40,5) -> 0.050789168 | D41: =CONFIDENCE(0.05,D40,5) -> 0.15513904 | E41: =CONFIDENCE(0.05,E40,5) -> 0.11362992 | F41: =CONFIDENCE(0.05,F40,5) -> 0.16404208 | G41: =CONFIDENCE(0.05,G40,5) -> 0.16478204 | H41: =CONFIDENCE(0.05,H40,5) -> 0.35390655 | I41: =CONFIDENCE(0.05,I40,5) -> 0.60034769
A43: incremental insertions 1%
A44: RUN 1 | B44: 296 | C44: 1341 | D44: 3213 | E44: 4540 | F44: 3073 | G44: 10749 | H44: 32948 | I44: 22948
A45: RUN 2 | B45: 281 | C45: 1264 | D45: 2730 | E45: 3962 | F45: 3042 | G45: 10233 | H45: 32136 | I45: 22495
A46: RUN 3 | B46: 280 | C46: 1264 | D46: 2746 | E46: 3978 | F46: 3058 | G46: 10280 | H46: 31294 | I46: 20827
A47: RUN 4 | B47: 296 | C47: 1232 | D47: 2636 | E47: 3963 | F47: 3057 | G47: 10296 | H47: 30779 | I47: 21122
A48: RUN 5 | B48: 297 | C48: 1263 | D48: 2668 | E48: 3963 | F48: 3042 | G48: 10405 | H48: 30733 | I48: 20857
A49: AVG | B49: =(SUM(B44:B48) -MAX(B44:B48) -MIN(B44:B48))/((COUNT(B44:B48)-2)*1000) -> 0.291 | C49: =(SUM(C44:C48) -MAX(C44:C48) -MIN(C44:C48))/((COUNT(C44:C48)-2)*1000) -> 1.2636667 | D49: =(SUM(D44:D48) -MAX(D44:D48) -MIN(D44:D48))/((COUNT(D44:D48)-2)*1000) -> 2.7146667 | E49: =(SUM(E44:E48) -MAX(E44:E48) -MIN(E44:E48))/((COUNT(E44:E48)-2)*1000) -> 3.968 | F49: =(SUM(F44:F48) -MAX(F44:F48) -MIN(F44:F48))/((COUNT(F44:F48)-2)*1000) -> 3.0523333 | G49: =(SUM(G44:G48) -MAX(G44:G48) -MIN(G44:G48))/((COUNT(G44:G48)-2)*1000) -> 10.327 | H49: =(SUM(H44:H48) -MAX(H44:H48) -MIN(H44:H48))/((COUNT(H44:H48)-2)*1000) -> 31.403 | I49: =(SUM(I44:I48) -MAX(I44:I48) -MIN(I44:I48))/((COUNT(I44:I48)-2)*1000) -> 21.491333 | J49: sec
A50: STDEV | B50: =STDEV(B44:B48)/1000 -> 0.0086890736 | C50: =STDEV(C44:C48)/1000 -> 0.040517897 | D50: =STDEV(D44:D48)/1000 -> 0.23595296 | E50: =STDEV(E44:E48)/1000 -> 0.25656325 | F50: =STDEV(F44:F48)/1000 -> 0.012973049 | G50: =STDEV(G44:G48)/1000 -> 0.20896004 | H50: =STDEV(H44:H48)/1000 -> 0.95149172 | I50: =STDEV(I44:I48)/1000 -> 0.99797179
A51: CONFIDENCE | B51: =CONFIDENCE(0.05,B50,5) -> 0.0076161689 | C51: =CONFIDENCE(0.05,C50,5) -> 0.03551485 | D51: =CONFIDENCE(0.05,D50,5) -> 0.20681809 | E51: =CONFIDENCE(0.05,E50,5) -> 0.22488347 | F51: =CONFIDENCE(0.05,F50,5) -> 0.01137117 | G51: =CONFIDENCE(0.05,G50,5) -> 0.18315819 | H51: =CONFIDENCE(0.05,H50,5) -> 0.83400394 | I51: =CONFIDENCE(0.05,I50,5) -> 0.87474477
A53: incremental insertions 10%
A54: RUN 1 | B54: 390 | C54: 1747 | D54: 4790 | E54: 5694 | F54: 4462 | G54: 14133 | H54: 44195 | I54: 28704
A55: RUN 2 | B55: 406 | C55: 1623 | D55: 3947 | E55: 5741 | F55: 4524 | G55: 13853 | H55: 38766 | I55: 29593
A56: RUN 3 | B56: 406 | C56: 1701 | D56: 3993 | E56: 5757 | F56: 4509 | G56: 14695 | H56: 36832 | I56: 28814
A57: RUN 4 | B57: 406 | C57: 1654 | D57: 3822 | E57: 5725 | F57: 4508 | G57: 13806 | H57: 37706 | I57: 28549
A58: RUN 5 | B58: 405 | C58: 1670 | D58: 3791 | E58: 5725 | F58: 4508 | G58: 13665 | H58: 17129 | I58: 29624
A59: AVG | B59: =(SUM(B54:B58) -MAX(B54:B58) -MIN(B54:B58))/((COUNT(B54:B58)-2)*1000) -> 0.40566667 | C59: =(SUM(C54:C58) -MAX(C54:C58) -MIN(C54:C58))/((COUNT(C54:C58)-2)*1000) -> 1.675 | D59: =(SUM(D54:D58) -MAX(D54:D58) -MIN(D54:D58))/((COUNT(D54:D58)-2)*1000) -> 3.9206667 | E59: =(SUM(E54:E58) -MAX(E54:E58) -MIN(E54:E58))/((COUNT(E54:E58)-2)*1000) -> 5.7303333 | F59: =(SUM(F54:F58) -MAX(F54:F58) -MIN(F54:F58))/((COUNT(F54:F58)-2)*1000) -> 4.5083333 | G59: =(SUM(G54:G58) -MAX(G54:G58) -MIN(G54:G58))/((COUNT(G54:G58)-2)*1000) -> 13.930667 | H59: =(SUM(H54:H58) -MAX(H54:H58) -MIN(H54:H58))/((COUNT(H54:H58)-2)*1000) -> 37.768 | I59: =(SUM(I54:I58) -MAX(I54:I58) -MIN(I54:I58))/((COUNT(I54:I58)-2)*1000) -> 29.037 | J59: sec
A60: STDEV | B60: =STDEV(B54:B58)/1000 -> 0.0070569115 | C60: =STDEV(C54:C58)/1000 -> 0.04730222 | D60: =STDEV(D54:D58)/1000 -> 0.41194454 | E60: =STDEV(E54:E58)/1000 -> 0.023362363 | F60: =STDEV(F54:F58)/1000 -> 0.023477649 | G60: =STDEV(G54:G58)/1000 -> 0.4085227 | H60: =STDEV(H54:H58)/1000 -> 10.353193 | I60: =STDEV(I54:I58)/1000 -> 0.51247117
A61: CONFIDENCE | B61: =CONFIDENCE(0.05,B60,5) -> 0.006185542 | C61: =CONFIDENCE(0.05,C60,5) -> 0.041461462 | D61: =CONFIDENCE(0.05,D60,5) -> 0.36107867 | E61: =CONFIDENCE(0.05,E60,5) -> 0.020477638 | F61: =CONFIDENCE(0.05,F60,5) -> 0.020578689 | G61: =CONFIDENCE(0.05,G60,5) -> 0.35807936 | H61: =CONFIDENCE(0.05,H60,5) -> 9.0748069 | I61: =CONFIDENCE(0.05,I60,5) -> 0.44919253
A63: incremental insertions 50%
A64: RUN 1 | B64: 874 | C64: 3838 | D64: 11466 | E64: 13681 | F64: 11107 | G64: 30186 | H64: 37737 | I64: 64038
A65: RUN 2 | B65: 921 | C65: 3385 | D65: 9547 | E65: 14164 | F65: 11669 | G65: 30452 | H65: 40092 | I65: 69858
A66: RUN 3 | B66: 936 | C66: 3416 | D66: 8674 | E66: 14118 | F66: 11669 | G66: 30404 | H66: 39718 | I66: 69108
A67: RUN 4 | B67: 936 | C67: 3479 | D67: 8829 | E67: 14243 | F67: 11653 | G67: 30295 | H67: 40888 | I67: 68858
A68: RUN 5 | B68: 936 | C68: 3447 | D68: 8705 | E68: 14242 | F68: 11607 | G68: 30264 | H68: 39936 | I68: 68173
A69: AVG | B69: =(SUM(B64:B68) -MAX(B64:B68) -MIN(B64:B68))/((COUNT(B64:B68)-2)*1000) -> 0.931 | C69: =(SUM(C64:C68) -MAX(C64:C68) -MIN(C64:C68))/((COUNT(C64:C68)-2)*1000) -> 3.4473333 | D69: =(SUM(D64:D68) -MAX(D64:D68) -MIN(D64:D68))/((COUNT(D64:D68)-2)*1000) -> 9.027 | E69: =(SUM(E64:E68) -MAX(E64:E68) -MIN(E64:E68))/((COUNT(E64:E68)-2)*1000) -> 14.174667 | F69: =(SUM(F64:F68) -MAX(F64:F68) -MIN(F64:F68))/((COUNT(F64:F68)-2)*1000) -> 11.643 | G69: =(SUM(G64:G68) -MAX(G64:G68) -MIN(G64:G68))/((COUNT(G64:G68)-2)*1000) -> 30.321 | H69: =(SUM(H64:H68) -MAX(H64:H68) -MIN(H64:H68))/((COUNT(H64:H68)-2)*1000) -> 39.915333 | I69: =(SUM(I64:I68) -MAX(I64:I68) -MIN(I64:I68))/((COUNT(I64:I68)-2)*1000) -> 68.713 | J69: sec
A70: STDEV | B70: =STDEV(B64:B68)/1000 -> 0.026847719 | C70: =STDEV(C64:C68)/1000 -> 0.18502027 | D70: =STDEV(D64:D68)/1000 -> 1.1849408 | E70: =STDEV(E64:E68)/1000 -> 0.23454914 | F70: =STDEV(F64:F68)/1000 -> 0.24393852 | G70: =STDEV(G64:G68)/1000 -> 0.1074672 | H70: =STDEV(H64:H68)/1000 -> 1.1695158 | I70: =STDEV(I64:I68)/1000 -> 2.2990824
A71: CONFIDENCE | B71: =CONFIDENCE(0.05,B70,5) -> 0.023532631 | C71: =CONFIDENCE(0.05,C70,5) -> 0.16217444 | D71: =CONFIDENCE(0.05,D70,5) -> 1.0386273 | E71: =CONFIDENCE(0.05,E70,5) -> 0.20558761 | F71: =CONFIDENCE(0.05,F70,5) -> 0.21381761 | G71: =CONFIDENCE(0.05,G70,5) -> 0.094197427 | H71: =CONFIDENCE(0.05,H70,5) -> 1.025107 | I71: =CONFIDENCE(0.05,I70,5) -> 2.0151976
A73: ------------------------------------------------------------------------------------------------------------------------------------------------------------------------------
A74: non-incremental deletions 1%
A75: RUN 1
A76: RUN 2
A77: RUN 3
A78: RUN 4
A79: RUN 5
A80: AVG | B80: =(SUM(B75:B79) -MAX(B75:B79) -MIN(B75:B79))/((COUNT(B75:B79)-2)*1000) -> 0 | C80: =(SUM(C75:C79) -MAX(C75:C79) -MIN(C75:C79))/((COUNT(C75:C79)-2)*1000) -> 0 | D80: =(SUM(D75:D79) -MAX(D75:D79) -MIN(D75:D79))/((COUNT(D75:D79)-2)*1000) -> 0 | E80: =(SUM(E75:E79) -MAX(E75:E79) -MIN(E75:E79))/((COUNT(E75:E79)-2)*1000) -> 0 | F80: =(SUM(F75:F79) -MAX(F75:F79) -MIN(F75:F79))/((COUNT(F75:F79)-2)*1000) -> 0 | G80: =(SUM(G75:G79) -MAX(G75:G79) -MIN(G75:G79))/((COUNT(G75:G79)-2)*1000) -> 0 | H80: =(SUM(H75:H79) -MAX(H75:H79) -MIN(H75:H79))/((COUNT(H75:H79)-2)*1000) -> 0
A81: STDEV | B81: =STDEV(B75:B79)/1000 -> #DIV/0! | C81: =STDEV(C75:C79)/1000 -> #DIV/0! | D81: =STDEV(D75:D79)/1000 -> #DIV/0! | E81: =STDEV(E75:E79)/1000 -> #DIV/0! | F81: =STDEV(F75:F79)/1000 -> #DIV/0! | G81: =STDEV(G75:G79)/1000 -> #DIV/0! | H81: =STDEV(H75:H79)/1000 -> #DIV/0!
A82: CONFIDENCE | B82: =CONFIDENCE(0.05,B81,5) -> #DIV/0! | C82: =CONFIDENCE(0.05,C81,5) -> #DIV/0! | D82: =CONFIDENCE(0.05,D81,5) -> #DIV/0! | E82: =CONFIDENCE(0.05,E81,5) -> #DIV/0! | F82: =CONFIDENCE(0.05,F81,5) -> #DIV/0! | G82: =CONFIDENCE(0.05,G81,5) -> #DIV/0! | H82: =CONFIDENCE(0.05,H81,5) -> #DIV/0!
A84: non-incremental deletions 10%
A85: RUN 1
A86: RUN 2
A87: RUN 3
A88: RUN 4
A89: RUN 5
A90: AVG | B90: =(SUM(B85:B89) -MAX(B85:B89) -MIN(B85:B89))/((COUNT(B85:B89)-2)*1000) -> 0 | C90: =(SUM(C85:C89) -MAX(C85:C89) -MIN(C85:C89))/((COUNT(C85:C89)-2)*1000) -> 0 | D90: =(SUM(D85:D89) -MAX(D85:D89) -MIN(D85:D89))/((COUNT(D85:D89)-2)*1000) -> 0 | E90: =(SUM(E85:E89) -MAX(E85:E89) -MIN(E85:E89))/((COUNT(E85:E89)-2)*1000) -> 0 | F90: =(SUM(F85:F89) -MAX(F85:F89) -MIN(F85:F89))/((COUNT(F85:F89)-2)*1000) -> 0 | G90: =(SUM(G85:G89) -MAX(G85:G89) -MIN(G85:G89))/((COUNT(G85:G89)-2)*1000) -> 0 | H90: =(SUM(H85:H89) -MAX(H85:H89) -MIN(H85:H89))/((COUNT(H85:H89)-2)*1000) -> 0
A91: STDEV | B91: =STDEV(B85:B89)/1000 -> #DIV/0! | C91: =STDEV(C85:C89)/1000 -> #DIV/0! | D91: =STDEV(D85:D89)/1000 -> #DIV/0! | E91: =STDEV(E85:E89)/1000 -> #DIV/0! | F91: =STDEV(F85:F89)/1000 -> #DIV/0! | G91: =STDEV(G85:G89)/1000 -> #DIV/0! | H91: =STDEV(H85:H89)/1000 -> #DIV/0!
A92: CONFIDENCE | B92: =CONFIDENCE(0.05,B91,5) -> #DIV/0! | C92: =CONFIDENCE(0.05,C91,5) -> #DIV/0! | D92: =CONFIDENCE(0.05,D91,5) -> #DIV/0! | E92: =CONFIDENCE(0.05,E91,5) -> #DIV/0! | F92: =CONFIDENCE(0.05,F91,5) -> #DIV/0! | G92: =CONFIDENCE(0.05,G91,5) -> #DIV/0! | H92: =CONFIDENCE(0.05,H91,5) -> #DIV/0!
A94: non-incremental deletions 50%
A95: RUN 1
A96: RUN 2
A97: RUN 3
A98: RUN 4
A99: RUN 5
A100: AVG | B100: =(SUM(B95:B99) -MAX(B95:B99) -MIN(B95:B99))/((COUNT(B95:B99)-2)*1000) -> 0 | C100: =(SUM(C95:C99) -MAX(C95:C99) -MIN(C95:C99))/((COUNT(C95:C99)-2)*1000) -> 0 | D100: =(SUM(D95:D99) -MAX(D95:D99) -MIN(D95:D99))/((COUNT(D95:D99)-2)*1000) -> 0 | E100: =(SUM(E95:E99) -MAX(E95:E99) -MIN(E95:E99))/((COUNT(E95:E99)-2)*1000) -> 0 | F100: =(SUM(F95:F99) -MAX(F95:F99) -MIN(F95:F99))/((COUNT(F95:F99)-2)*1000) -> 0 | G100: =(SUM(G95:G99) -MAX(G95:G99) -MIN(G95:G99))/((COUNT(G95:G99)-2)*1000) -> 0 | H100: =(SUM(H95:H99) -MAX(H95:H99) -MIN(H95:H99))/((COUNT(H95:H99)-2)*1000) -> 0
A101: STDEV | B101: =STDEV(B95:B99)/1000 -> #DIV/0! | C101: =STDEV(C95:C99)/1000 -> #DIV/0! | D101: =STDEV(D95:D99)/1000 -> #DIV/0! | E101: =STDEV(E95:E99)/1000 -> #DIV/0! | F101: =STDEV(F95:F99)/1000 -> #DIV/0! | G101: =STDEV(G95:G99)/1000 -> #DIV/0! | H101: =STDEV(H95:H99)/1000 -> #DIV/0!
A102: CONFIDENCE | B102: =CONFIDENCE(0.05,B101,5) -> #DIV/0! | C102: =CONFIDENCE(0.05,C101,5) -> #DIV/0! | D102: =CONFIDENCE(0.05,D101,5) -> #DIV/0! | E102: =CONFIDENCE(0.05,E101,5) -> #DIV/0! | F102: =CONFIDENCE(0.05,F101,5) -> #DIV/0! | G102: =CONFIDENCE(0.05,G101,5) -> #DIV/0! | H102: =CONFIDENCE(0.05,H101,5) -> #DIV/0!
A104: non-incremental insertions 1%
A105: RUN 1
A106: RUN 2
A107: RUN 3
A108: RUN 4
A109: RUN 5
A110: AVG | B110: =(SUM(B105:B109) -MAX(B105:B109) -MIN(B105:B109))/((COUNT(B105:B109)-2)*1000) -> 0 | C110: =(SUM(C105:C109) -MAX(C105:C109) -MIN(C105:C109))/((COUNT(C105:C109)-2)*1000) -> 0 | D110: =(SUM(D105:D109) -MAX(D105:D109) -MIN(D105:D109))/((COUNT(D105:D109)-2)*1000) -> 0 | E110: =(SUM(E105:E109) -MAX(E105:E109) -MIN(E105:E109))/((COUNT(E105:E109)-2)*1000) -> 0 | F110: =(SUM(F105:F109) -MAX(F105:F109) -MIN(F105:F109))/((COUNT(F105:F109)-2)*1000) -> 0 | G110: =(SUM(G105:G109) -MAX(G105:G109) -MIN(G105:G109))/((COUNT(G105:G109)-2)*1000) -> 0 | H110: =(SUM(H105:H109) -MAX(H105:H109) -MIN(H105:H109))/((COUNT(H105:H109)-2)*1000) -> 0
...

Sheet int - 10k
A1: scalabilityInt - tuples/peer: | B1: 10k
A2: #peers | B2: 2 | C2: 4 | D2: 6 | E2: 8 | F2: 10 | G2: 12 | H2: 14
A3: initial solution
A4: RUN 1 | B4: 2231 | C4: 7098 | D4: 15241 | E4: 28392 | F4: 27082 | G4: 57518 | H4: 70965
A5: RUN 2 | B5: 2231 | C5: 7301 | D5: 15927 | E5: 29921 | F5: 28407 | G5: 60762 | H5: 80934
A6: RUN 3 | B6: 2246 | C6: 7269 | D6: 15897 | E6: 29968 | F6: 28470 | G6: 60825 | H6: 83273
A7: RUN 4 | B7: 2262 | C7: 7285 | D7: 15897 | E7: 29859 | F7: 28485 | G7: 60903 | H7: 80871
A8: RUN 5 | B8: 2247 | C8: 7270 | D8: 15912 | E8: 29984 | F8: 28455 | G8: 60934 | H8: 80091
A9: AVG | B9: =(SUM(B4:B8) -MAX(B4:B8) -MIN(B4:B8))/((COUNT(B4:B8)-2)*1000) -> 2.2413333 | C9: =(SUM(C4:C8) -MAX(C4:C8) -MIN(C4:C8))/((COUNT(C4:C8)-2)*1000) -> 7.2746667 | D9: =(SUM(D4:D8) -MAX(D4:D8) -MIN(D4:D8))/((COUNT(D4:D8)-2)*1000) -> 15.902 | E9: =(SUM(E4:E8) -MAX(E4:E8) -MIN(E4:E8))/((COUNT(E4:E8)-2)*1000) -> 29.916 | F9: =(SUM(F4:F8) -MAX(F4:F8) -MIN(F4:F8))/((COUNT(F4:F8)-2)*1000) -> 28.444 | G9: =(SUM(G4:G8) -MAX(G4:G8) -MIN(G4:G8))/((COUNT(G4:G8)-2)*1000) -> 60.83 | H9: =(SUM(H4:H8) -MAX(H4:H8) -MIN(H4:H8))/((COUNT(H4:H8)-2)*1000) -> 80.632 | I9: sec
A10: STDEV | B10: =STDEV(B4:B8)/1000 -> 0.012973049 | C10: =STDEV(C4:C8)/1000 -> 0.082983733 | D10: =STDEV(D4:D8)/1000 -> 0.29866235 | E10: =STDEV(E4:E8)/1000 -> 0.69086735 | F10: =STDEV(F4:F8)/1000 -> 0.61438644 | G10: =STDEV(G4:G8)/1000 -> 1.494313 | H10: =STDEV(H4:H8)/1000 -> 4.7695346
A11: CONFIDENCE | B11: =CONFIDENCE(0.05,B10,5) -> 0.01137117 | C11: =CONFIDENCE(0.05,C10,5) -> 0.072737113 | D11: =CONFIDENCE(0.05,D10,5) -> 0.26178428 | E11: =CONFIDENCE(0.05,E10,5) -> 0.60556081 | F11: =CONFIDENCE(0.05,F10,5) -> 0.53852356 | G11: =CONFIDENCE(0.05,G10,5) -> 1.309799 | H11: =CONFIDENCE(0.05,H10,5) -> 4.1806046
A13: incremental deletions 1%
A14: RUN 1 | B14: 687 | C14: 2153 | D14: 4212 | E14: 6412 | F14: 8440 | G14: 11825 | H14: 13229
A15: RUN 2 | B15: 156 | C15: 390 | D15: 749 | E15: 1029 | F15: 1669 | G15: 1747 | H15: 2138
A16: RUN 3 | B16: 156 | C16: 390 | D16: 733 | E16: 1014 | F16: 1638 | G16: 1669 | H16: 2028
A17: RUN 4 | B17: 156 | C17: 390 | D17: 749 | E17: 1029 | F17: 1654 | G17: 1669 | H17: 2028
A18: RUN 5 | B18: 156 | C18: 390 | D18: 733 | E18: 1014 | F18: 1622 | G18: 1685 | H18: 2012
A19: AVG | B19: =(SUM(B14:B18) -MAX(B14:B18) -MIN(B14:B18))/((COUNT(B14:B18)-2)*1000) -> 0.156 | C19: =(SUM(C14:C18) -MAX(C14:C18) -MIN(C14:C18))/((COUNT(C14:C18)-2)*1000) -> 0.39 | D19: =(SUM(D14:D18) -MAX(D14:D18) -MIN(D14:D18))/((COUNT(D14:D18)-2)*1000) -> 0.74366667 | E19: =(SUM(E14:E18) -MAX(E14:E18) -MIN(E14:E18))/((COUNT(E14:E18)-2)*1000) -> 1.024 | F19: =(SUM(F14:F18) -MAX(F14:F18) -MIN(F14:F18))/((COUNT(F14:F18)-2)*1000) -> 1.6536667 | G19: =(SUM(G14:G18) -MAX(G14:G18) -MIN(G14:G18))/((COUNT(G14:G18)-2)*1000) -> 1.7003333 | H19: =(SUM(H14:H18) -MAX(H14:H18) -MIN(H14:H18))/((COUNT(H14:H18)-2)*1000) -> 2.0646667 | I19: sec
A20: STDEV | B20: =STDEV(B14:B18)/1000 -> 0.23747042 | C20: =STDEV(C14:C18)/1000 -> 0.78843757 | D20: =STDEV(D14:D18)/1000 -> 1.552299 | E20: =STDEV(E14:E18)/1000 -> 2.4107166 | F20: =STDEV(F14:F18)/1000 -> 3.0385317 | G20: =STDEV(G14:G18)/1000 -> 4.5315057 | H20: =STDEV(H14:H18)/1000 -> 4.9989837
A21: CONFIDENCE | B21: =CONFIDENCE(0.05,B20,5) -> 0.20814818 | C21: =CONFIDENCE(0.05,C20,5) -> 0.6910833 | D21: =CONFIDENCE(0.05,D20,5) -> 1.3606251 | E21: =CONFIDENCE(0.05,E20,5) -> 2.1130474 | F21: =CONFIDENCE(0.05,F20,5) -> 2.6633415 | G21: =CONFIDENCE(0.05,G20,5) -> 3.9719669 | H21: =CONFIDENCE(0.05,H20,5) -> 4.3817219
A23: incremental deletions 10%
A24: RUN 1 | B24: 187 | C24: 562 | D24: 1311 | E24: 1653 | F24: 3027 | G24: 2823 | H24: 2745
A25: RUN 2 | B25: 187 | C25: 593 | D25: 1388 | E25: 1747 | F25: 3213 | G25: 3042 | H25: 3026
A26: RUN 3 | B26: 187 | C26: 609 | D26: 1388 | E26: 1747 | F26: 3151 | G26: 2824 | H26: 2808
A27: RUN 4 | B27: 203 | C27: 608 | D27: 1389 | E27: 1716 | F27: 3151 | G27: 2761 | H27: 2886
A28: RUN 5 | B28: 203 | C28: 608 | D28: 1388 | E28: 1732 | F28: 3135 | G28: 2777 | H28: 3042
A29: AVG | B29: =(SUM(B24:B28) -MAX(B24:B28) -MIN(B24:B28))/((COUNT(B24:B28)-2)*1000) -> 0.19233333 | C29: =(SUM(C24:C28) -MAX(C24:C28) -MIN(C24:C28))/((COUNT(C24:C28)-2)*1000) -> 0.603 | D29: =(SUM(D24:D28) -MAX(D24:D28) -MIN(D24:D28))/((COUNT(D24:D28)-2)*1000) -> 1.388 | E29: =(SUM(E24:E28) -MAX(E24:E28) -MIN(E24:E28))/((COUNT(E24:E28)-2)*1000) -> 1.7316667 | F29: =(SUM(F24:F28) -MAX(F24:F28) -MIN(F24:F28))/((COUNT(F24:F28)-2)*1000) -> 3.1456667 | G29: =(SUM(G24:G28) -MAX(G24:G28) -MIN(G24:G28))/((COUNT(G24:G28)-2)*1000) -> 2.808 | H29: =(SUM(H24:H28) -MAX(H24:H28) -MIN(H24:H28))/((COUNT(H24:H28)-2)*1000) -> 2.9066667 | I29: sec
A30: STDEV | B30: =STDEV(B24:B28)/1000 -> 0.0087635609 | C30: =STDEV(C24:C28)/1000 -> 0.020137031 | D30: =STDEV(D24:D28)/1000 -> 0.034549964 | E30: =STDEV(E24:E28)/1000 -> 0.03905765 | F30: =STDEV(F24:F28)/1000 -> 0.067563304 | G30: =STDEV(G24:G28)/1000 -> 0.1133724 | H30: =STDEV(H24:H28)/1000 -> 0.13106792
A31: CONFIDENCE | B31: =CONFIDENCE(0.05,B30,5) -> 0.0076814587 | C31: =CONFIDENCE(0.05,C30,5) -> 0.017650561 | D31: =CONFIDENCE(0.05,D30,5) -> 0.030283822 | E31: =CONFIDENCE(0.05,E30,5) -> 0.03423491 | F31: =CONFIDENCE(0.05,F30,5) -> 0.059220759 | G31: =CONFIDENCE(0.05,G30,5) -> 0.09937346 | H31: =CONFIDENCE(0.05,H30,5) -> 0.11488399
A33: incremental deletions 50%
A34: RUN 1 | B34: 437 | C34: 1622 | D34: 4166 | E34: 4914 | F34: 9079 | G34: 7878 | H34: 6552
A35: RUN 2 | B35: 468 | C35: 1747 | D35: 4804 | E35: 5320 | F35: 9656 | G35: 9063 | H35: 9298
A36: RUN 3 | B36: 484 | C36: 1748 | D36: 4680 | E36: 5288 | F36: 9656 | G36: 8705 | H36: 8393
A37: RUN 4 | B37: 483 | C37: 1748 | D37: 4617 | E37: 5273 | F37: 9688 | G37: 8393 | H37: 7083
A38: RUN 5 | B38: 483 | C38: 1747 | D38: 4586 | E38: 5288 | F38: 9687 | G38: 8704 | H38: 6833
A39: AVG | B39: =(SUM(B34:B38) -MAX(B34:B38) -MIN(B34:B38))/((COUNT(B34:B38)-2)*1000) -> 0.478 | C39: =(SUM(C34:C38) -MAX(C34:C38) -MIN(C34:C38))/((COUNT(C34:C38)-2)*1000) -> 1.7473333 | D39: =(SUM(D34:D38) -MAX(D34:D38) -MIN(D34:D38))/((COUNT(D34:D38)-2)*1000) -> 4.6276667 | E39: =(SUM(E34:E38) -MAX(E34:E38) -MIN(E34:E38))/((COUNT(E34:E38)-2)*1000) -> 5.283 | F39: =(SUM(F34:F38) -MAX(F34:F38) -MIN(F34:F38))/((COUNT(F34:F38)-2)*1000) -> 9.6663333 | G39: =(SUM(G34:G38) -MAX(G34:G38) -MIN(G34:G38))/((COUNT(G34:G38)-2)*1000) -> 8.6006667 | H39: =(SUM(H34:H38) -MAX(H34:H38) -MIN(H34:H38))/((COUNT(H34:H38)-2)*1000) -> 7.4363333 | I39: sec
A40: STDEV | B40: =STDEV(B34:B38)/1000 -> 0.020137031 | C40: =STDEV(C34:C38)/1000 -> 0.056127533 | D40: =STDEV(D34:D38)/1000 -> 0.24110952 | E40: =STDEV(E34:E38)/1000 -> 0.17002588 | F40: =STDEV(F34:F38)/1000 -> 0.26555357 | G40: =STDEV(G34:G38)/1000 -> 0.44360264 | H40: =STDEV(H34:H38)/1000 -> 1.1684262
A41: CONFIDENCE | B41: =CONFIDENCE(0.05,B40,5) -> 0.017650561 | C41: =CONFIDENCE(0.05,C40,5) -> 0.049197048 | D41: =CONFIDENCE(0.05,D40,5) -> 0.21133793 | E41: =CONFIDENCE(0.05,E40,5) -> 0.14903152 | F41: =CONFIDENCE(0.05,F40,5) -> 0.23276369 | G41: =CONFIDENCE(0.05,G40,5) -> 0.38882771 | H41: =CONFIDENCE(0.05,H40,5) -> 1.0241519
A43: incremental insertions 1%
A44: RUN 1 | B44: 359 | C44: 1092 | D44: 3182 | E44: 5210 | F44: 14524 | G44: 14711 | H44: 27456
A45: RUN 2 | B45: 343 | C45: 1092 | D45: 3199 | E45: 5133 | F45: 12449 | G45: 13463 | H45: 21185
A46: RUN 3 | B46: 343 | C46: 1123 | D46: 3104 | E46: 5023 | F46: 12168 | G46: 13353 | H46: 17914
A47: RUN 4 | B47: 359 | C47: 1124 | D47: 3104 | E47: 4992 | F47: 12075 | G47: 13541 | H47: 16863
A48: RUN 5 | B48: 343 | C48: 1092 | D48: 3105 | E48: 4914 | F48: 12075 | G48: 13322 | H48: 17862
A49: AVG | B49: =(SUM(B44:B48) -MAX(B44:B48) -MIN(B44:B48))/((COUNT(B44:B48)-2)*1000) -> 0.34833333 | C49: =(SUM(C44:C48) -MAX(C44:C48) -MIN(C44:C48))/((COUNT(C44:C48)-2)*1000) -> 1.1023333 | D49: =(SUM(D44:D48) -MAX(D44:D48) -MIN(D44:D48))/((COUNT(D44:D48)-2)*1000) -> 3.1303333 | E49: =(SUM(E44:E48) -MAX(E44:E48) -MIN(E44:E48))/((COUNT(E44:E48)-2)*1000) -> 5.0493333 | F49: =(SUM(F44:F48) -MAX(F44:F48) -MIN(F44:F48))/((COUNT(F44:F48)-2)*1000) -> 12.230667 | G49: =(SUM(G44:G48) -MAX(G44:G48) -MIN(G44:G48))/((COUNT(G44:G48)-2)*1000) -> 13.452333 | H49: =(SUM(H44:H48) -MAX(H44:H48) -MIN(H44:H48))/((COUNT(H44:H48)-2)*1000) -> 18.987 | I49: sec
A50: STDEV | B50: =STDEV(B44:B48)/1000 -> 0.0087635609 | C50: =STDEV(C44:C48)/1000 -> 0.017256883 | D50: =STDEV(D44:D48)/1000 -> 0.047578356 | E50: =STDEV(E44:E48)/1000 -> 0.11724035 | F50: =STDEV(F44:F48)/1000 -> 1.0542195 | G50: =STDEV(G44:G48)/1000 -> 0.58404709 | H50: =STDEV(H44:H48)/1000 -> 4.342571
A51: CONFIDENCE | B51: =CONFIDENCE(0.05,B50,5) -> 0.0076814587 | C51: =CONFIDENCE(0.05,C50,5) -> 0.015126047 | D51: =CONFIDENCE(0.05,D50,5) -> 0.041703502 | E51: =CONFIDENCE(0.05,E50,5) -> 0.10276381 | F51: =CONFIDENCE(0.05,F50,5) -> 0.92404713 | G51: =CONFIDENCE(0.05,G50,5) -> 0.51193044 | H51: =CONFIDENCE(0.05,H50,5) -> 3.8063613
A53: incremental insertions 10%
A54: RUN 1 | B54: 484 | C54: 1591 | D54: 4415 | E54: 7348 | F54: 15429 | G54: 19297 | H54: 42993
A55: RUN 2 | B55: 484 | C55: 1622 | D55: 4384 | E55: 7176 | F55: 14789 | G55: 18081 | H55: 37714
A56: RUN 3 | B56: 499 | C56: 1622 | D56: 4539 | E56: 7348 | F56: 14305 | G56: 17830 | H56: 34358
A57: RUN 4 | B57: 483 | C57: 1638 | D57: 4368 | E57: 7348 | F57: 13588 | G57: 17987 | H57: 27474
A58: RUN 5 | B58: 484 | C58: 1654 | D58: 4321 | E58: 7379 | F58: 14492 | G58: 18159 | H58: 23890
A59: AVG | B59: =(SUM(B54:B58) -MAX(B54:B58) -MIN(B54:B58))/((COUNT(B54:B58)-2)*1000) -> 0.484 | C59: =(SUM(C54:C58) -MAX(C54:C58) -MIN(C54:C58))/((COUNT(C54:C58)-2)*1000) -> 1.6273333 | D59: =(SUM(D54:D58) -MAX(D54:D58) -MIN(D54:D58))/((COUNT(D54:D58)-2)*1000) -> 4.389 | E59: =(SUM(E54:E58) -MAX(E54:E58) -MIN(E54:E58))/((COUNT(E54:E58)-2)*1000) -> 7.348 | F59: =(SUM(F54:F58) -MAX(F54:F58) -MIN(F54:F58))/((COUNT(F54:F58)-2)*1000) -> 14.528667 | G59: =(SUM(G54:G58) -MAX(G54:G58) -MIN(G54:G58))/((COUNT(G54:G58)-2)*1000) -> 18.075667 | H59: =(SUM(H54:H58) -MAX(H54:H58) -MIN(H54:H58))/((COUNT(H54:H58)-2)*1000) -> 33.182 | I59: sec
A60: STDEV | B60: =STDEV(B54:B58)/1000 -> 0.0068337398 | C60: =STDEV(C54:C58)/1000 -> 0.023362363 | D60: =STDEV(D54:D58)/1000 -> 0.082038406 | E60: =STDEV(E54:E58)/1000 -> 0.081499693 | F60: =STDEV(F54:F58)/1000 -> 0.6734748 | G60: =STDEV(G54:G58)/1000 -> 0.58661248 | H60: =STDEV(H54:H58)/1000 -> 7.6981552
A61: CONFIDENCE | B61: =CONFIDENCE(0.05,B60,5) -> 0.005989927 | C61: =CONFIDENCE(0.05,C60,5) -> 0.020477638 | D61: =CONFIDENCE(0.05,D60,5) -> 0.071908512 | E61: =CONFIDENCE(0.05,E60,5) -> 0.071436318 | F61: =CONFIDENCE(0.05,F60,5) -> 0.59031584 | G61: =CONFIDENCE(0.05,G60,5) -> 0.51417906 | H61: =CONFIDENCE(0.05,H60,5) -> 6.7476066
A63: incremental insertions 50%
A64: RUN 1 | B64: 1092 | C64: 3853 | D64: 10171 | E64: 17363 | F64: 24726 | G64: 39562 | H64: 80608
A65: RUN 2 | B65: 1170 | C65: 3993 | D65: 10717 | E65: 18003 | F65: 24118 | G65: 39640 | H65: 75609
A66: RUN 3 | B66: 1170 | C66: 3993 | D66: 10484 | E66: 17971 | F66: 20312 | G66: 39515 | H66: 67600
A67: RUN 4 | B67: 1170 | C67: 3993 | D67: 10405 | E67: 18080 | F67: 15132 | G67: 39406 | H67: 68377
A68: RUN 5 | B68: 1155 | C68: 3978 | D68: 10436 | E68: 17971 | F68: 14789 | G68: 39952 | H68: 71450
A69: AVG | B69: =(SUM(B64:B68) -MAX(B64:B68) -MIN(B64:B68))/((COUNT(B64:B68)-2)*1000) -> 1.165 | C69: =(SUM(C64:C68) -MAX(C64:C68) -MIN(C64:C68))/((COUNT(C64:C68)-2)*1000) -> 3.988 | D69: =(SUM(D64:D68) -MAX(D64:D68) -MIN(D64:D68))/((COUNT(D64:D68)-2)*1000) -> 10.441667 | E69: =(SUM(E64:E68) -MAX(E64:E68) -MIN(E64:E68))/((COUNT(E64:E68)-2)*1000) -> 17.981667 | F69: =(SUM(F64:F68) -MAX(F64:F68) -MIN(F64:F68))/((COUNT(F64:F68)-2)*1000) -> 19.854 | G69: =(SUM(G64:G68) -MAX(G64:G68) -MIN(G64:G68))/((COUNT(G64:G68)-2)*1000) -> 39.572333 | H69: =(SUM(H64:H68) -MAX(H64:H68) -MIN(H64:H68))/((COUNT(H64:H68)-2)*1000) -> 71.812 | I69: sec
A70: STDEV | B70: =STDEV(B64:B68)/1000 -> 0.033834893 | C70: =STDEV(C64:C68)/1000 -> 0.061278055 | D70: =STDEV(D64:D68)/1000 -> 0.19508537 | E70: =STDEV(E64:E68)/1000 -> 0.29109758 | F70: =STDEV(F64:F68)/1000 -> 4.7453109 | G70: =STDEV(G64:G68)/1000 -> 0.2065696 | H70: =STDEV(H64:H68)/1000 -> 5.4142272
A71: CONFIDENCE | B71: =CONFIDENCE(0.05,B70,5) -> 0.029657047 | C71: =CONFIDENCE(0.05,C70,5) -> 0.053711596 | D71: =CONFIDENCE(0.05,D70,5) -> 0.17099672 | E71: =CONFIDENCE(0.05,E70,5) -> 0.25515359 | F71: =CONFIDENCE(0.05,F70,5) -> 4.159372 | G71: =CONFIDENCE(0.05,G70,5) -> 0.18106291 | H71: =CONFIDENCE(0.05,H70,5) -> 4.7456922
A73: ------------------------------------------------------------------------------------------------------------------------------------------------------------------------------
A74: non-incremental deletions 1%
A75: RUN 1
A76: RUN 2
A77: RUN 3
A78: RUN 4
A79: RUN 5
A80: AVG | B80: =(SUM(B75:B79) -MAX(B75:B79) -MIN(B75:B79))/((COUNT(B75:B79)-2)*1000) -> 0 | C80: =(SUM(C75:C79) -MAX(C75:C79) -MIN(C75:C79))/((COUNT(C75:C79)-2)*1000) -> 0 | D80: =(SUM(D75:D79) -MAX(D75:D79) -MIN(D75:D79))/((COUNT(D75:D79)-2)*1000) -> 0 | E80: =(SUM(E75:E79) -MAX(E75:E79) -MIN(E75:E79))/((COUNT(E75:E79)-2)*1000) -> 0 | F80: =(SUM(F75:F79) -MAX(F75:F79) -MIN(F75:F79))/((COUNT(F75:F79)-2)*1000) -> 0 | G80: =(SUM(G75:G79) -MAX(G75:G79) -MIN(G75:G79))/((COUNT(G75:G79)-2)*1000) -> 0 | H80: =(SUM(H75:H79) -MAX(H75:H79) -MIN(H75:H79))/((COUNT(H75:H79)-2)*1000) -> 0
A81: STDEV | B81: =STDEV(B75:B79)/1000 -> #DIV/0! | C81: =STDEV(C75:C79)/1000 -> #DIV/0! | D81: =STDEV(D75:D79)/1000 -> #DIV/0! | E81: =STDEV(E75:E79)/1000 -> #DIV/0! | F81: =STDEV(F75:F79)/1000 -> #DIV/0! | G81: =STDEV(G75:G79)/1000 -> #DIV/0! | H81: =STDEV(H75:H79)/1000 -> #DIV/0!
A82: CONFIDENCE | B82: =CONFIDENCE(0.05,B81,5) -> #DIV/0! | C82: =CONFIDENCE(0.05,C81,5) -> #DIV/0! | D82: =CONFIDENCE(0.05,D81,5) -> #DIV/0! | E82: =CONFIDENCE(0.05,E81,5) -> #DIV/0! | F82: =CONFIDENCE(0.05,F81,5) -> #DIV/0! | G82: =CONFIDENCE(0.05,G81,5) -> #DIV/0! | H82: =CONFIDENCE(0.05,H81,5) -> #DIV/0!
A84: non-incremental deletions 10%
A85: RUN 1
A86: RUN 2
A87: RUN 3
A88: RUN 4
A89: RUN 5
A90: AVG | B90: =(SUM(B85:B89) -MAX(B85:B89) -MIN(B85:B89))/((COUNT(B85:B89)-2)*1000) -> 0 | C90: =(SUM(C85:C89) -MAX(C85:C89) -MIN(C85:C89))/((COUNT(C85:C89)-2)*1000) -> 0 | D90: =(SUM(D85:D89) -MAX(D85:D89) -MIN(D85:D89))/((COUNT(D85:D89)-2)*1000) -> 0 | E90: =(SUM(E85:E89) -MAX(E85:E89) -MIN(E85:E89))/((COUNT(E85:E89)-2)*1000) -> 0 | F90: =(SUM(F85:F89) -MAX(F85:F89) -MIN(F85:F89))/((COUNT(F85:F89)-2)*1000) -> 0 | G90: =(SUM(G85:G89) -MAX(G85:G89) -MIN(G85:G89))/((COUNT(G85:G89)-2)*1000) -> 0 | H90: =(SUM(H85:H89) -MAX(H85:H89) -MIN(H85:H89))/((COUNT(H85:H89)-2)*1000) -> 0
A91: STDEV | B91: =STDEV(B85:B89)/1000 -> #DIV/0! | C91: =STDEV(C85:C89)/1000 -> #DIV/0! | D91: =STDEV(D85:D89)/1000 -> #DIV/0! | E91: =STDEV(E85:E89)/1000 -> #DIV/0! | F91: =STDEV(F85:F89)/1000 -> #DIV/0! | G91: =STDEV(G85:G89)/1000 -> #DIV/0! | H91: =STDEV(H85:H89)/1000 -> #DIV/0!
A92: CONFIDENCE | B92: =CONFIDENCE(0.05,B91,5) -> #DIV/0! | C92: =CONFIDENCE(0.05,C91,5) -> #DIV/0! | D92: =CONFIDENCE(0.05,D91,5) -> #DIV/0! | E92: =CONFIDENCE(0.05,E91,5) -> #DIV/0! | F92: =CONFIDENCE(0.05,F91,5) -> #DIV/0! | G92: =CONFIDENCE(0.05,G91,5) -> #DIV/0! | H92: =CONFIDENCE(0.05,H91,5) -> #DIV/0!
A94: non-incremental deletions 50%
A95: RUN 1
A96: RUN 2
A97: RUN 3
A98: RUN 4
A99: RUN 5
A100: AVG | B100: =(SUM(B95:B99) -MAX(B95:B99) -MIN(B95:B99))/((COUNT(B95:B99)-2)*1000) -> 0 | C100: =(SUM(C95:C99) -MAX(C95:C99) -MIN(C95:C99))/((COUNT(C95:C99)-2)*1000) -> 0 | D100: =(SUM(D95:D99) -MAX(D95:D99) -MIN(D95:D99))/((COUNT(D95:D99)-2)*1000) -> 0 | E100: =(SUM(E95:E99) -MAX(E95:E99) -MIN(E95:E99))/((COUNT(E95:E99)-2)*1000) -> 0 | F100: =(SUM(F95:F99) -MAX(F95:F99) -MIN(F95:F99))/((COUNT(F95:F99)-2)*1000) -> 0 | G100: =(SUM(G95:G99) -MAX(G95:G99) -MIN(G95:G99))/((COUNT(G95:G99)-2)*1000) -> 0 | H100: =(SUM(H95:H99) -MAX(H95:H99) -MIN(H95:H99))/((COUNT(H95:H99)-2)*1000) -> 0
A101: STDEV | B101: =STDEV(B95:B99)/1000 -> #DIV/0! | C101: =STDEV(C95:C99)/1000 -> #DIV/0! | D101: =STDEV(D95:D99)/1000 -> #DIV/0! | E101: =STDEV(E95:E99)/1000 -> #DIV/0! | F101: =STDEV(F95:F99)/1000 -> #DIV/0! | G101: =STDEV(G95:G99)/1000 -> #DIV/0! | H101: =STDEV(H95:H99)/1000 -> #DIV/0!
A102: CONFIDENCE | B102: =CONFIDENCE(0.05,B101,5) -> #DIV/0! | C102: =CONFIDENCE(0.05,C101,5) -> #DIV/0! | D102: =CONFIDENCE(0.05,D101,5) -> #DIV/0! | E102: =CONFIDENCE(0.05,E101,5) -> #DIV/0! | F102: =CONFIDENCE(0.05,F101,5) -> #DIV/0! | G102: =CONFIDENCE(0.05,G101,5) -> #DIV/0! | H102: =CONFIDENCE(0.05,H101,5) -> #DIV/0!
A104: non-incremental insertions 1%
A105: RUN 1
A106: RUN 2
A107: RUN 3
A108: RUN 4
A109: RUN 5
A110: AVG | B110: =(SUM(B105:B109) -MAX(B105:B109) -MIN(B105:B109))/((COUNT(B105:B109)-2)*1000) -> 0 | C110: =(SUM(C105:C109) -MAX(C105:C109) -MIN(C105:C109))/((COUNT(C105:C109)-2)*1000) -> 0 | D110: =(SUM(D105:D109) -MAX(D105:D109) -MIN(D105:D109))/((COUNT(D105:D109)-2)*1000) -> 0 | E110: =(SUM(E105:E109) -MAX(E105:E109) -MIN(E105:E109))/((COUNT(E105:E109)-2)*1000) -> 0 | F110: =(SUM(F105:F109) -MAX(F105:F109) -MIN(F105:F109))/((COUNT(F105:F109)-2)*1000) -> 0 | G110: =(SUM(G105:G109) -MAX(G105:G109) -MIN(G105:G109))/((COUNT(G105:G109)-2)*1000) -> 0 | H110: =(SUM(H105:H109) -MAX(H105:H109) -MIN(H105:H109))/((COUNT(H105:H109)-2)*1000) -> 0
...

Sheet int - 10p
A1: scalabilityInt - vs #peers: | B1: 10
A2: #tuples | B2: ='int - 2k'!B1 -> 2k | C2: ='int - 4k'!B1 -> 4k | D2: ='int - 6k'!B1 -> 6k | E2: ='int - 8k'!B1 -> 8k | F2: ='int - 10k'!B1 -> 10k
A3: initial solution
A4: RUN 1 | B4: ='int - 2k'!B4:B11 -> 8049 | C4: ='int - 4k'!C4:C11 -> 12963 | D4: ='int - 6k'!F4:F11 -> 17441 | E4: ='int - 8k'!F4:F11 -> 22776 | F4: ='int - 10k'!F4:F11 -> 27082
A5: RUN 2 | B5: ='int - 2k'!B5:B12 -> 5959 | C5: ='int - 4k'!C5:C12 -> 11732 | D5: ='int - 6k'!F5:F12 -> 17332 | E5: ='int - 8k'!F5:F12 -> 23228 | F5: ='int - 10k'!F5:F12 -> 28407
A6: RUN 3 | B6: ='int - 2k'!B6:B13 -> 5928 | C6: ='int - 4k'!C6:C13 -> 11731 | D6: ='int - 6k'!F6:F13 -> 17269 | E6: ='int - 8k'!F6:F13 -> 23260 | F6: ='int - 10k'!F6:F13 -> 28470
A7: RUN 4 | B7: ='int - 2k'!B7:B14 -> 5959 | C7: ='int - 4k'!C7:C14 -> 11779 | D7: ='int - 6k'!F7:F14 -> 17285 | E7: ='int - 8k'!F7:F14 -> 23291 | F7: ='int - 10k'!F7:F14 -> 28485
A8: RUN 5 | B8: ='int - 2k'!B8:B15 -> 5975 | C8: ='int - 4k'!C8:C15 -> 11762 | D8: ='int - 6k'!F8:F15 -> 17300 | E8: ='int - 8k'!F8:F15 -> 23291 | F8: ='int - 10k'!F8:F15 -> 28455
A9: AVG | B9: ='int - 2k'!B9:B16 -> 5.9643333 | C9: ='int - 4k'!C9:C16 -> 11.757667 | D9: ='int - 6k'!F9:F16 -> 17.305667 | E9: ='int - 8k'!F9:F16 -> 23.259667 | F9: ='int - 10k'!F9:F16 -> 28.444 | G9: sec
A10: STDEV | B10: ='int - 2k'!B10:B17 -> 0.93650841 | C10: ='int - 4k'!C10:C17 -> 0.54240695 | D10: ='int - 6k'!F10:F17 -> 0.068675323 | E10: ='int - 8k'!F10:F17 -> 0.22134746 | F10: ='int - 10k'!F10:F17 -> 0.61438644
A11: CONFIDENCE | B11: ='int - 2k'!B11:B18 -> 0.82087073 | C11: ='int - 4k'!C11:C18 -> 0.47543192 | D11: ='int - 6k'!F11:F18 -> 0.060195469 | E11: ='int - 8k'!F11:F18 -> 0.19401604 | F11: ='int - 10k'!F11:F18 -> 0.53852356
A13: incremental deletions 1%
A14: RUN 1 | B14: ='int - 2k'!B14:B21 -> 7691 | C14: ='int - 4k'!C14:C21 -> 7395 | D14: ='int - 6k'!F14:F21 -> 7754 | E14: ='int - 8k'!F14:F21 -> 8252 | F14: ='int - 10k'!F14:F21 -> 8440
A15: RUN 2 | B15: ='int - 2k'!B15:B22 -> 858 | C15: ='int - 4k'!C15:C22 -> 1030 | D15: ='int - 6k'!F15:F22 -> 1279 | E15: ='int - 8k'!F15:F22 -> 1560 | F15: ='int - 10k'!F15:F22 -> 1669
A16: RUN 3 | B16: ='int - 2k'!B16:B23 -> 874 | C16: ='int - 4k'!C16:C23 -> 1076 | D16: ='int - 6k'!F16:F23 -> 1279 | E16: ='int - 8k'!F16:F23 -> 1575 | F16: ='int - 10k'!F16:F23 -> 1638
A17: RUN 4 | B17: ='int - 2k'!B17:B24 -> 843 | C17: ='int - 4k'!C17:C24 -> 1092 | D17: ='int - 6k'!F17:F24 -> 1263 | E17: ='int - 8k'!F17:F24 -> 1575 | F17: ='int - 10k'!F17:F24 -> 1654
A18: RUN 5 | B18: ='int - 2k'!B18:B25 -> 858 | C18: ='int - 4k'!C18:C25 -> 1076 | D18: ='int - 6k'!F18:F25 -> 1310 | E18: ='int - 8k'!F18:F25 -> 1545 | F18: ='int - 10k'!F18:F25 -> 1622
A19: AVG | B19: ='int - 2k'!B19:B26 -> 0.86333333 | C19: ='int - 4k'!C19:C26 -> 1.0813333 | D19: ='int - 6k'!F19:F26 -> 1.2893333 | E19: ='int - 8k'!F19:F26 -> 1.57 | F19: ='int - 10k'!F19:F26 -> 1.6536667 | G19: sec
A20: STDEV | B20: ='int - 2k'!B20:B27 -> 3.0557184 | C20: ='int - 4k'!C20:C27 -> 2.8293917 | D20: ='int - 6k'!F20:F27 -> 2.8940811 | E20: ='int - 8k'!F20:F27 -> 2.9911022 | F20: ='int - 10k'!F20:F27 -> 3.0385317
A21: CONFIDENCE | B21: ='int - 2k'!B21:B28 -> 2.678406 | C21: ='int - 4k'!C21:C28 -> 2.4800256 | D21: ='int - 6k'!F21:F28 -> 2.5367273 | E21: ='int - 8k'!F21:F28 -> 2.6217685 | F21: ='int - 10k'!F21:F28 -> 2.6633415
A23: incremental deletions 10%
A24: RUN 1 | B24: ='int - 2k'!B24:B31 -> 1202 | C24: ='int - 4k'!C24:C31 -> 1607 | D24: ='int - 6k'!F24:F31 -> 2090 | E24: ='int - 8k'!F24:F31 -> 2621 | F24: ='int - 10k'!F24:F31 -> 3027
A25: RUN 2 | B25: ='int - 2k'!B25:B32 -> 1155 | C25: ='int - 4k'!C25:C32 -> 1685 | D25: ='int - 6k'!F25:F32 -> 2184 | E25: ='int - 8k'!F25:F32 -> 2746 | F25: ='int - 10k'!F25:F32 -> 3213
A26: RUN 3 | B26: ='int - 2k'!B26:B33 -> 1155 | C26: ='int - 4k'!C26:C33 -> 1716 | D26: ='int - 6k'!F26:F33 -> 2168 | E26: ='int - 8k'!F26:F33 -> 2762 | F26: ='int - 10k'!F26:F33 -> 3151
A27: RUN 4 | B27: ='int - 2k'!B27:B34 -> 1154 | C27: ='int - 4k'!C27:C34 -> 1669 | D27: ='int - 6k'!F27:F34 -> 2169 | E27: ='int - 8k'!F27:F34 -> 2761 | F27: ='int - 10k'!F27:F34 -> 3151
A28: RUN 5 | B28: ='int - 2k'!B28:B35 -> 1139 | C28: ='int - 4k'!C28:C35 -> 1685 | D28: ='int - 6k'!F28:F35 -> 2168 | E28: ='int - 8k'!F28:F35 -> 2699 | F28: ='int - 10k'!F28:F35 -> 3135
A29: AVG | B29: ='int - 2k'!B29:B36 -> 1.1546667 | C29: ='int - 4k'!C29:C36 -> 1.6796667 | D29: ='int - 6k'!F29:F36 -> 2.1683333 | E29: ='int - 8k'!F29:F36 -> 2.7353333 | F29: ='int - 10k'!F29:F36 -> 3.1456667 | G29: sec
A30: STDEV | B30: ='int - 2k'!B30:B37 -> 0.023906066 | C30: ='int - 4k'!C30:C37 -> 0.040333609 | D30: ='int - 6k'!F30:F37 -> 0.037405882 | E30: ='int - 8k'!F30:F37 -> 0.059872364 | F30: ='int - 10k'!F30:F37 -> 0.067563304
A31: CONFIDENCE | B31: ='int - 2k'!B31:B38 -> 0.020954206 | C31: ='int - 4k'!C31:C38 -> 0.035353317 | D31: ='int - 6k'!F31:F38 -> 0.032787099 | E31: ='int - 8k'!F31:F38 -> 0.052479477 | F31: ='int - 10k'!F31:F38 -> 0.059220759
A33: incremental deletions 50%
A34: RUN 1 | B34: ='int - 2k'!B34:B41 -> 2278 | C34: ='int - 4k'!C34:C41 -> 4087 | D34: ='int - 6k'!F34:F41 -> 5835 | E34: ='int - 8k'!F34:F41 -> 7566 | F34: ='int - 10k'!F34:F41 -> 9079
A35: RUN 2 | B35: ='int - 2k'!B35:B42 -> 2402 | C35: ='int - 4k'!C35:C42 -> 4321 | D35: ='int - 6k'!F35:F42 -> 6178 | E35: ='int - 8k'!F35:F42 -> 7987 | F35: ='int - 10k'!F35:F42 -> 9656
A36: RUN 3 | B36: ='int - 2k'!B36:B43 -> 2403 | C36: ='int - 4k'!C36:C43 -> 4321 | D36: ='int - 6k'!F36:F43 -> 6193 | E36: ='int - 8k'!F36:F43 -> 7972 | F36: ='int - 10k'!F36:F43 -> 9656
A37: RUN 4 | B37: ='int - 2k'!B37:B44 -> 2402 | C37: ='int - 4k'!C37:C44 -> 4322 | D37: ='int - 6k'!F37:F44 -> 6209 | E37: ='int - 8k'!F37:F44 -> 7972 | F37: ='int - 10k'!F37:F44 -> 9688
A38: RUN 5 | B38: ='int - 2k'!B38:B45 -> 2387 | C38: ='int - 4k'!C38:C45 -> 4306 | D38: ='int - 6k'!F38:F45 -> 6193 | E38: ='int - 8k'!F38:F45 -> 8003 | F38: ='int - 10k'!F38:F45 -> 9687
A39: AVG | B39: ='int - 2k'!B39:B46 -> 2.397 | C39: ='int - 4k'!C39:C46 -> 4.316 | D39: ='int - 6k'!F39:F46 -> 6.188 | E39: ='int - 8k'!F39:F46 -> 7.977 | F39: ='int - 10k'!F39:F46 -> 9.6663333 | G39: sec
A40: STDEV | B40: ='int - 2k'!B40:B47 -> 0.05429825 | C40: ='int - 4k'!C40:C47 -> 0.10329714 | D40: ='int - 6k'!F40:F47 -> 0.16058892 | E40: ='int - 8k'!F40:F47 -> 0.18715101 | F40: ='int - 10k'!F40:F47 -> 0.26555357
A41: CONFIDENCE | B41: ='int - 2k'!B41:B48 -> 0.04759364 | C41: ='int - 4k'!C41:C48 -> 0.090542275 | D41: ='int - 6k'!F41:F48 -> 0.1407598 | E41: ='int - 8k'!F41:F48 -> 0.16404208 | F41: ='int - 10k'!F41:F48 -> 0.23276369
A43: incremental insertions 1%
A44: RUN 1 | B44: ='int - 2k'!B44:B51 -> 1217 | C44: ='int - 4k'!C44:C51 -> 1809 | D44: ='int - 6k'!F44:F51 -> 2449 | E44: ='int - 8k'!F44:F51 -> 3073 | F44: ='int - 10k'!F44:F51 -> 14524
A45: RUN 2 | B45: ='int - 2k'!B45:B52 -> 1201 | C45: ='int - 4k'!C45:C52 -> 1778 | D45: ='int - 6k'!F45:F52 -> 2403 | E45: ='int - 8k'!F45:F52 -> 3042 | F45: ='int - 10k'!F45:F52 -> 12449
A46: RUN 3 | B46: ='int - 2k'!B46:B53 -> 1170 | C46: ='int - 4k'!C46:C53 -> 1779 | D46: ='int - 6k'!F46:F53 -> 2403 | E46: ='int - 8k'!F46:F53 -> 3058 | F46: ='int - 10k'!F46:F53 -> 12168
A47: RUN 4 | B47: ='int - 2k'!B47:B54 -> 1170 | C47: ='int - 4k'!C47:C54 -> 1778 | D47: ='int - 6k'!F47:F54 -> 2387 | E47: ='int - 8k'!F47:F54 -> 3057 | F47: ='int - 10k'!F47:F54 -> 12075
A48: RUN 5 | B48: ='int - 2k'!B48:B55 -> 1201 | C48: ='int - 4k'!C48:C55 -> 1763 | D48: ='int - 6k'!F48:F55 -> 2402 | E48: ='int - 8k'!F48:F55 -> 3042 | F48: ='int - 10k'!F48:F55 -> 12075
A49: AVG | B49: ='int - 2k'!B49:B56 -> 1.1906667 | C49: ='int - 4k'!C49:C56 -> 1.7783333 | D49: ='int - 6k'!F49:F56 -> 2.4026667 | E49: ='int - 8k'!F49:F56 -> 3.0523333 | F49: ='int - 10k'!F49:F56 -> 12.230667 | G49: sec
A50: STDEV | B50: ='int - 2k'!B50:B57 -> 0.020945167 | C50: ='int - 4k'!C50:C57 -> 0.016801786 | D50: ='int - 6k'!F50:F57 -> 0.023477649 | E50: ='int - 8k'!F50:F57 -> 0.012973049 | F50: ='int - 10k'!F50:F57 -> 1.0542195
A51: CONFIDENCE | B51: ='int - 2k'!B51:B58 -> 0.018358911 | C51: ='int - 4k'!C51:C58 -> 0.014727144 | D51: ='int - 6k'!F51:F58 -> 0.020578689 | E51: ='int - 8k'!F51:F58 -> 0.01137117 | F51: ='int - 10k'!F51:F58 -> 0.92404713
A53: incremental insertions 10%
A54: RUN 1 | B54: ='int - 2k'!B54:B61 -> 1529 | C54: ='int - 4k'!C54:C61 -> 2433 | D54: ='int - 6k'!F54:F61 -> 3448 | E54: ='int - 8k'!F54:F61 -> 4462 | F54: ='int - 10k'!F54:F61 -> 15429
A55: RUN 2 | B55: ='int - 2k'!B55:B62 -> 1529 | C55: ='int - 4k'!C55:C62 -> 2480 | D55: ='int - 6k'!F55:F62 -> 3510 | E55: ='int - 8k'!F55:F62 -> 4524 | F55: ='int - 10k'!F55:F62 -> 14789
A56: RUN 3 | B56: ='int - 2k'!B56:B63 -> 1482 | C56: ='int - 4k'!C56:C63 -> 2450 | D56: ='int - 6k'!F56:F63 -> 3510 | E56: ='int - 8k'!F56:F63 -> 4509 | F56: ='int - 10k'!F56:F63 -> 14305
A57: RUN 4 | B57: ='int - 2k'!B57:B64 -> 1513 | C57: ='int - 4k'!C57:C64 -> 2464 | D57: ='int - 6k'!F57:F64 -> 3494 | E57: ='int - 8k'!F57:F64 -> 4508 | F57: ='int - 10k'!F57:F64 -> 13588
A58: RUN 5 | B58: ='int - 2k'!B58:B65 -> 1513 | C58: ='int - 4k'!C58:C65 -> 2449 | D58: ='int - 6k'!F58:F65 -> 3495 | E58: ='int - 8k'!F58:F65 -> 4508 | F58: ='int - 10k'!F58:F65 -> 14492
A59: AVG | B59: ='int - 2k'!B59:B66 -> 1.5183333 | C59: ='int - 4k'!C59:C66 -> 2.4543333 | D59: ='int - 6k'!F59:F66 -> 3.4996667 | E59: ='int - 8k'!F59:F66 -> 4.5083333 | F59: ='int - 10k'!F59:F66 -> 14.528667 | G59: sec
A60: STDEV | B60: ='int - 2k'!B60:B67 -> 0.019188538 | C60: ='int - 4k'!C60:C67 -> 0.017683325 | D60: ='int - 6k'!F60:F67 -> 0.025471553 | E60: ='int - 8k'!F60:F67 -> 0.023477649 | F60: ='int - 10k'!F60:F67 -> 0.6734748
A61: CONFIDENCE | B61: ='int - 2k'!B61:B68 -> 0.016819186 | C61: ='int - 4k'!C61:C68 -> 0.015499833 | D61: ='int - 6k'!F61:F68 -> 0.02232639 | E61: ='int - 8k'!F61:F68 -> 0.020578689 | F61: ='int - 10k'!F61:F68 -> 0.59031584
A63: incremental insertions 50%
A64: RUN 1 | B64: ='int - 2k'!B64:B71 -> 3182 | C64: ='int - 4k'!C64:C71 -> 5866 | D64: ='int - 6k'!F64:F71 -> 8362 | E64: ='int - 8k'!F64:F71 -> 11107 | F64: ='int - 10k'!F64:F71 -> 24726
A65: RUN 2 | B65: ='int - 2k'!B65:B72 -> 3307 | C65: ='int - 4k'!C65:C72 -> 6100 | D65: ='int - 6k'!F65:F72 -> 8782 | E65: ='int - 8k'!F65:F72 -> 11669 | F65: ='int - 10k'!F65:F72 -> 24118
A66: RUN 3 | B66: ='int - 2k'!B66:B73 -> 3323 | C66: ='int - 4k'!C66:C73 -> 6100 | D66: ='int - 6k'!F66:F73 -> 8783 | E66: ='int - 8k'!F66:F73 -> 11669 | F66: ='int - 10k'!F66:F73 -> 20312
A67: RUN 4 | B67: ='int - 2k'!B67:B74 -> 3307 | C67: ='int - 4k'!C67:C74 -> 6100 | D67: ='int - 6k'!F67:F74 -> 8783 | E67: ='int - 8k'!F67:F74 -> 11653 | F67: ='int - 10k'!F67:F74 -> 15132
A68: RUN 5 | B68: ='int - 2k'!B68:B74 -> 3307 | C68: ='int - 4k'!C68:C75 -> 6100 | D68: ='int - 6k'!F68:F75 -> 14508 | E68: ='int - 8k'!F68:F75 -> 11607 | F68: ='int - 10k'!F68:F75 -> 14789
A69: AVG | B69: ='int - 2k'!B69:B74 -> 3.307 | C69: ='int - 4k'!C69:C76 -> 6.1 | D69: ='int - 6k'!F69:F76 -> 8.7826667 | E69: ='int - 8k'!F69:F76 -> 11.643 | F69: ='int - 10k'!F69:F76 -> 19.854 | G69: sec
A70: STDEV | B70: ='int - 2k'!B70:B74 -> 0.058105077 | C70: ='int - 4k'!C70:C77 -> 0.10464798 | D70: ='int - 6k'!F70:F77 -> 2.6138336 | E70: ='int - 8k'!F70:F77 -> 0.24393852 | F70: ='int - 10k'!F70:F77 -> 4.7453109
A71: CONFIDENCE | B71: ='int - 2k'!B71:B74 -> 0.05093041 | C71: ='int - 4k'!C71:C78 -> 0.091726314 | D71: ='int - 6k'!F71:F78 -> 2.2910841 | E71: ='int - 8k'!F71:F78 -> 0.21381761 | F71: ='int - 10k'!F71:F78 -> 4.159372

Sheet str - 2k
A1: scalabilityStr - tuples/peer: | B1: 2k
A2: #peers | B2: 10 | C2: 20 | D2: 30 | E2: 40 | F2: 50
A3: initial solution
A4: RUN 1 | B4: 26395 | C4: 102884 | D4: 238202 | E4: 450797 | F4: 537315
A5: RUN 2 | B5: 42416 | C5: 245752 | D5: 448204 | E5: 1058308 | F5: 1021415
A6: RUN 3 | B6: 44615 | C6: 239897 | D6: 461433 | E6: 1045364 | F6: 1155266
A7: RUN 4 | B7: 42430 | C7: 237448 | D7: 452324 | E7: 1051755 | F7: 1150273
A8: RUN 5 | B8: 33214 | C8: 235811 | D8: 457690 | E8: 1053058 | F8: 1168539
A9: AVG | B9: =(SUM(B4:B8) -MAX(B4:B8) -MIN(B4:B8))/((COUNT(B4:B8)-2)*1000) -> 39.353333 | C9: =(SUM(C4:C8) -MAX(C4:C8) -MIN(C4:C8))/((COUNT(C4:C8)-2)*1000) -> 237.71867 | D9: =(SUM(D4:D8) -MAX(D4:D8) -MIN(D4:D8))/((COUNT(D4:D8)-2)*1000) -> 452.73933 | E9: =(SUM(E4:E8) -MAX(E4:E8) -MIN(E4:E8))/((COUNT(E4:E8)-2)*1000) -> 1050.059 | F9: =(SUM(F4:F8) -MAX(F4:F8) -MIN(F4:F8))/((COUNT(F4:F8)-2)*1000) -> 1108.9847 | G9: sec
A10: STDEV | B10: =STDEV(B4:B8)/1000 -> 7.7506939 | C10: =STDEV(C4:C8)/1000 -> 61.314076 | D10: =STDEV(D4:D8)/1000 -> 97.047379 | E10: =STDEV(E4:E8)/1000 -> 268.95986 | F10: =STDEV(F4:F8)/1000 -> 268.98682
A11: CONFIDENCE | B11: =CONFIDENCE(0.05,B10,5) -> 6.7936579 | C11: =CONFIDENCE(0.05,C10,5) -> 53.74317 | D11: =CONFIDENCE(0.05,D10,5) -> 85.064215 | E11: =CONFIDENCE(0.05,E10,5) -> 235.74938 | F11: =CONFIDENCE(0.05,F10,5) -> 235.77301
A13: incremental deletions 1%
A14: RUN 1 | B14: 12183 | C14: 17922 | D14: 32634 | E14: 44045 | F14: 97372
A15: RUN 2 | B15: 12090 | C15: 18971 | D15: 32509 | E15: 47363 | F15: 86831
A16: RUN 3 | B16: 11935 | C16: 17906 | D16: 30923 | E16: 48373 | F16: 90858
A17: RUN 4 | B17: 11936 | C17: 18284 | D17: 31306 | E17: 48623 | F17: 86457
A18: RUN 5 | B18: 11869 | C18: 18203 | D18: 31434 | E18: 46986 | F18: 86691
A19: AVG | B19: =(SUM(B14:B18) -MAX(B14:B18) -MIN(B14:B18))/((COUNT(B14:B18)-2)*1000) -> 11.987 | C19: =(SUM(C14:C18) -MAX(C14:C18) -MIN(C14:C18))/((COUNT(C14:C18)-2)*1000) -> 18.136333 | D19: =(SUM(D14:D18) -MAX(D14:D18) -MIN(D14:D18))/((COUNT(D14:D18)-2)*1000) -> 31.749667 | E19: =(SUM(E14:E18) -MAX(E14:E18) -MIN(E14:E18))/((COUNT(E14:E18)-2)*1000) -> 47.574 | F19: =(SUM(F14:F18) -MAX(F14:F18) -MIN(F14:F18))/((COUNT(F14:F18)-2)*1000) -> 88.126667 | G19: sec
A20: STDEV | B20: =STDEV(B14:B18)/1000 -> 0.12945772 | C20: =STDEV(C14:C18)/1000 -> 0.43268545 | D20: =STDEV(D14:D18)/1000 -> 0.76449833 | E20: =STDEV(E14:E18)/1000 -> 1.8270761 | F20: =STDEV(F14:F18)/1000 -> 4.6900401
A21: CONFIDENCE | B21: =CONFIDENCE(0.05,B20,5) -> 0.11347261 | C21: =CONFIDENCE(0.05,C20,5) -> 0.37925855 | D21: =CONFIDENCE(0.05,D20,5) -> 0.67010002 | E21: =CONFIDENCE(0.05,E20,5) -> 1.6014734 | F21: =CONFIDENCE(0.05,F20,5) -> 4.1109258
A23: incremental deletions 10%
A24: RUN 1 | B24: 12544 | C24: 19442 | D24: 34855 | E24: 49749 | F24: 97105
A25: RUN 2 | B25: 12357 | C25: 19234 | D25: 32514 | E25: 46117 | F25: 93741
A26: RUN 3 | B26: 12248 | C26: 19457 | D26: 32798 | E26: 46756 | F26: 94054
A27: RUN 4 | B27: 12306 | C27: 19517 | D27: 32883 | E27: 51059 | F27: 93430
A28: RUN 5 | B28: 12263 | C28: 19828 | D28: 35753 | E28: 48489 | F28: 95679
A29: AVG | B29: =(SUM(B24:B28) -MAX(B24:B28) -MIN(B24:B28))/((COUNT(B24:B28)-2)*1000) -> 12.308667 | C29: =(SUM(C24:C28) -MAX(C24:C28) -MIN(C24:C28))/((COUNT(C24:C28)-2)*1000) -> 19.472 | D29: =(SUM(D24:D28) -MAX(D24:D28) -MIN(D24:D28))/((COUNT(D24:D28)-2)*1000) -> 33.512 | E29: =(SUM(E24:E28) -MAX(E24:E28) -MIN(E24:E28))/((COUNT(E24:E28)-2)*1000) -> 48.331333 | F29: =(SUM(F24:F28) -MAX(F24:F28) -MIN(F24:F28))/((COUNT(F24:F28)-2)*1000) -> 94.491333 | G29: sec
A30: STDEV | B30: =STDEV(B24:B28)/1000 -> 0.11978022 | C30: =STDEV(C24:C28)/1000 -> 0.21432755 | D30: =STDEV(D24:D28)/1000 -> 1.4507034 | E30: =STDEV(E24:E28)/1000 -> 2.04982 | F30: =STDEV(F24:F28)/1000 -> 1.5524615
A31: CONFIDENCE | B31: =CONFIDENCE(0.05,B30,5) -> 0.10499006 | C31: =CONFIDENCE(0.05,C30,5) -> 0.18786293 | D31: =CONFIDENCE(0.05,D30,5) -> 1.2715742 | E31: =CONFIDENCE(0.05,E30,5) -> 1.7967134 | F31: =CONFIDENCE(0.05,F30,5) -> 1.3607675
A33: incremental deletions 50%
A34: RUN 1 | B34: 22152 | C34: 24274 | D34: 38034 | E34: 56315 | F34: 115466
A35: RUN 2 | B35: 13869 | C35: 25680 | D35: 40409 | E35: 58316 | F35: 117377
A36: RUN 3 | B36: 13510 | C36: 25023 | D36: 43709 | E36: 60559 | F36: 122368
A37: RUN 4 | B37: 13647 | C37: 25601 | D37: 43401 | E37: 59140 | F37: 118748
A38: RUN 5 | B38: 13508 | C38: 25025 | D38: 41250 | E38: 57160 | F38: 117612
A39: AVG | B39: =(SUM(B34:B38) -MAX(B34:B38) -MIN(B34:B38))/((COUNT(B34:B38)-2)*1000) -> 13.675333 | C39: =(SUM(C34:C38) -MAX(C34:C38) -MIN(C34:C38))/((COUNT(C34:C38)-2)*1000) -> 25.216333 | D39: =(SUM(D34:D38) -MAX(D34:D38) -MIN(D34:D38))/((COUNT(D34:D38)-2)*1000) -> 41.686667 | E39: =(SUM(E34:E38) -MAX(E34:E38) -MIN(E34:E38))/((COUNT(E34:E38)-2)*1000) -> 58.205333 | F39: =(SUM(F34:F38) -MAX(F34:F38) -MIN(F34:F38))/((COUNT(F34:F38)-2)*1000) -> 117.91233 | G39: sec
A40: STDEV | B40: =STDEV(B34:B38)/1000 -> 3.8124309 | C40: =STDEV(C34:C38)/1000 -> 0.56548855 | D40: =STDEV(D34:D38)/1000 -> 2.3271365 | E40: =STDEV(E34:E38)/1000 -> 1.6619824 | F40: =STDEV(F34:F38)/1000 -> 2.5546599
A41: CONFIDENCE | B41: =CONFIDENCE(0.05,B40,5) -> 3.3416817 | C41: =CONFIDENCE(0.05,C40,5) -> 0.49566346 | D41: =CONFIDENCE(0.05,D40,5) -> 2.0397876 | E41: =CONFIDENCE(0.05,E40,5) -> 1.456765 | F41: =CONFIDENCE(0.05,F40,5) -> 2.239217
A43: incremental insertions 1%
A44: RUN 1 | B44: 11979 | C44: 51901 | D44: 95413 | E44: 119685 | F44: 178949
A45: RUN 2 | B45: 11622 | C45: 51647 | D45: 96157 | E45: 123051 | F45: 182706
A46: RUN 3 | B46: 11591 | C46: 51386 | D46: 94588 | E46: 123537 | F46: 180882
A47: RUN 4 | B47: 11608 | C47: 51715 | D47: 94455 | E47: 121386 | F47: 198324
A48: RUN 5 | B48: 11626 | C48: 51140 | D48: 94362 | E48: 121799 | F48: 189496
A49: AVG | B49: =(SUM(B44:B48) -MAX(B44:B48) -MIN(B44:B48))/((COUNT(B44:B48)-2)*1000) -> 11.618667 | C49: =(SUM(C44:C48) -MAX(C44:C48) -MIN(C44:C48))/((COUNT(C44:C48)-2)*1000) -> 51.582667 | D49: =(SUM(D44:D48) -MAX(D44:D48) -MIN(D44:D48))/((COUNT(D44:D48)-2)*1000) -> 94.818667 | E49: =(SUM(E44:E48) -MAX(E44:E48) -MIN(E44:E48))/((COUNT(E44:E48)-2)*1000) -> 122.07867 | F49: =(SUM(F44:F48) -MAX(F44:F48) -MIN(F44:F48))/((COUNT(F44:F48)-2)*1000) -> 184.36133 | G49: sec
A50: STDEV | B50: =STDEV(B44:B48)/1000 -> 0.1648111 | C50: =STDEV(C44:C48)/1000 -> 0.29771077 | D50: =STDEV(D44:D48)/1000 -> 0.77183321 | E50: =STDEV(E44:E48)/1000 -> 1.515325 | F50: =STDEV(F44:F48)/1000 -> 7.9189403
A51: CONFIDENCE | B51: =CONFIDENCE(0.05,B50,5) -> 0.14446065 | C51: =CONFIDENCE(0.05,C50,5) -> 0.2609502 | D51: =CONFIDENCE(0.05,D50,5) -> 0.6765292 | E51: =CONFIDENCE(0.05,E50,5) -> 1.3282165 | F51: =CONFIDENCE(0.05,F50,5) -> 6.9411297
A53: incremental insertions 10%
A54: RUN 1 | B54: 12525 | C54: 72742 | D54: 134115 | E54: 185689 | F54: 303466
A55: RUN 2 | B55: 12526 | C55: 73837 | D55: 146541 | E55: 204672 | F55: 301865
A56: RUN 3 | B56: 12356 | C56: 73301 | D56: 147340 | E56: 208743 | F56: 294512
A57: RUN 4 | B57: 12279 | C57: 74585 | D57: 148687 | E57: 203739 | F57: 297370
A58: RUN 5 | B58: 12246 | C58: 73630 | D58: 148916 | E58: 219960 | F58: 289365
A59: AVG | B59: =(SUM(B54:B58) -MAX(B54:B58) -MIN(B54:B58))/((COUNT(B54:B58)-2)*1000) -> 12.386667 | C59: =(SUM(C54:C58) -MAX(C54:C58) -MIN(C54:C58))/((COUNT(C54:C58)-2)*1000) -> 73.589333 | D59: =(SUM(D54:D58) -MAX(D54:D58) -MIN(D54:D58))/((COUNT(D54:D58)-2)*1000) -> 147.52267 | E59: =(SUM(E54:E58) -MAX(E54:E58) -MIN(E54:E58))/((COUNT(E54:E58)-2)*1000) -> 205.718 | F59: =(SUM(F54:F58) -MAX(F54:F58) -MIN(F54:F58))/((COUNT(F54:F58)-2)*1000) -> 297.91567 | G59: sec
A60: STDEV | B60: =STDEV(B54:B58)/1000 -> 0.13310635 | C60: =STDEV(C54:C58)/1000 -> 0.68026723 | D60: =STDEV(D54:D58)/1000 -> 6.2287794 | E60: =STDEV(E54:E58)/1000 -> 12.363846 | F60: =STDEV(F54:F58)/1000 -> 5.6920917
A61: CONFIDENCE | B61: =CONFIDENCE(0.05,B60,5) -> 0.11667071 | C61: =CONFIDENCE(0.05,C60,5) -> 0.59626956 | D61: =CONFIDENCE(0.05,D60,5) -> 5.4596655 | E61: =CONFIDENCE(0.05,E60,5) -> 10.837189 | F61: =CONFIDENCE(0.05,F60,5) -> 4.9892467
A63: incremental insertions 50%
A64: RUN 1 | B64: 19421 | C64: 197906 | D64: 309084 | E64: 628637 | F64: 827525
A65: RUN 2 | B65: 19498 | C65: 243346 | D65: 337557 | E65: 693315 | F65: 887678
A66: RUN 3 | B66: 19407 | C66: 215374 | D66: 350427 | E66: 780209 | F66: 894515
A67: RUN 4 | B67: 19173 | C67: 218285 | D67: 322145 | E67: 699333 | F67: 901985
A68: RUN 5 | B68: 19733 | C68: 225237 | D68: 319892 | E68: 703909 | F68: 902041
A69: AVG | B69: =(SUM(B64:B68) -MAX(B64:B68) -MIN(B64:B68))/((COUNT(B64:B68)-2)*1000) -> 19.442 | C69: =(SUM(C64:C68) -MAX(C64:C68) -MIN(C64:C68))/((COUNT(C64:C68)-2)*1000) -> 219.632 | D69: =(SUM(D64:D68) -MAX(D64:D68) -MIN(D64:D68))/((COUNT(D64:D68)-2)*1000) -> 326.53133 | E69: =(SUM(E64:E68) -MAX(E64:E68) -MIN(E64:E68))/((COUNT(E64:E68)-2)*1000) -> 698.85233 | F69: =(SUM(F64:F68) -MAX(F64:F68) -MIN(F64:F68))/((COUNT(F64:F68)-2)*1000) -> 894.726 | G69: sec
A70: STDEV | B70: =STDEV(B64:B68)/1000 -> 0.20108904 | C70: =STDEV(C64:C68)/1000 -> 16.46924 | D70: =STDEV(D64:D68)/1000 -> 16.217137 | E70: =STDEV(E64:E68)/1000 -> 53.806917 | F70: =STDEV(F64:F68)/1000 -> 31.44292
A71: CONFIDENCE | B71: =CONFIDENCE(0.05,B70,5) -> 0.17625907 | C71: =CONFIDENCE(0.05,C70,5) -> 14.43566 | D71: =CONFIDENCE(0.05,D70,5) -> 14.214686 | E71: =CONFIDENCE(0.05,E70,5) -> 47.162976 | F71: =CONFIDENCE(0.05,F70,5) -> 27.560428
A73: ------------------------------------------------------------------------------------------------------------------------------------------------------------------------------
A74: non-incremental deletions 1%
A75: RUN 1
A76: RUN 2
A77: RUN 3
A78: RUN 4
A79: RUN 5
A80: AVG | B80: =(SUM(B75:B79) -MAX(B75:B79) -MIN(B75:B79))/((COUNT(B75:B79)-2)*1000) -> 0 | C80: =(SUM(C75:C79) -MAX(C75:C79) -MIN(C75:C79))/((COUNT(C75:C79)-2)*1000) -> 0 | D80: =(SUM(D75:D79) -MAX(D75:D79) -MIN(D75:D79))/((COUNT(D75:D79)-2)*1000) -> 0 | E80: =(SUM(E75:E79) -MAX(E75:E79) -MIN(E75:E79))/((COUNT(E75:E79)-2)*1000) -> 0 | F80: =(SUM(F75:F79) -MAX(F75:F79) -MIN(F75:F79))/((COUNT(F75:F79)-2)*1000) -> 0 | G80: =(SUM(G75:G79) -MAX(G75:G79) -MIN(G75:G79))/((COUNT(G75:G79)-2)*1000) -> 0 | H80: =(SUM(H75:H79) -MAX(H75:H79) -MIN(H75:H79))/((COUNT(H75:H79)-2)*1000) -> 0
A81: STDEV | B81: =STDEV(B75:B79)/1000 -> #DIV/0! | C81: =STDEV(C75:C79)/1000 -> #DIV/0! | D81: =STDEV(D75:D79)/1000 -> #DIV/0! | E81: =STDEV(E75:E79)/1000 -> #DIV/0! | F81: =STDEV(F75:F79)/1000 -> #DIV/0! | G81: =STDEV(G75:G79)/1000 -> #DIV/0! | H81: =STDEV(H75:H79)/1000 -> #DIV/0!
A82: CONFIDENCE | B82: =CONFIDENCE(0.05,B81,5) -> #DIV/0! | C82: =CONFIDENCE(0.05,C81,5) -> #DIV/0! | D82: =CONFIDENCE(0.05,D81,5) -> #DIV/0! | E82: =CONFIDENCE(0.05,E81,5) -> #DIV/0! | F82: =CONFIDENCE(0.05,F81,5) -> #DIV/0! | G82: =CONFIDENCE(0.05,G81,5) -> #DIV/0! | H82: =CONFIDENCE(0.05,H81,5) -> #DIV/0!
A84: non-incremental deletions 10%
A85: RUN 1
A86: RUN 2
A87: RUN 3
A88: RUN 4
A89: RUN 5
A90: AVG | B90: =(SUM(B85:B89) -MAX(B85:B89) -MIN(B85:B89))/((COUNT(B85:B89)-2)*1000) -> 0 | C90: =(SUM(C85:C89) -MAX(C85:C89) -MIN(C85:C89))/((COUNT(C85:C89)-2)*1000) -> 0 | D90: =(SUM(D85:D89) -MAX(D85:D89) -MIN(D85:D89))/((COUNT(D85:D89)-2)*1000) -> 0 | E90: =(SUM(E85:E89) -MAX(E85:E89) -MIN(E85:E89))/((COUNT(E85:E89)-2)*1000) -> 0 | F90: =(SUM(F85:F89) -MAX(F85:F89) -MIN(F85:F89))/((COUNT(F85:F89)-2)*1000) -> 0 | G90: =(SUM(G85:G89) -MAX(G85:G89) -MIN(G85:G89))/((COUNT(G85:G89)-2)*1000) -> 0 | H90: =(SUM(H85:H89) -MAX(H85:H89) -MIN(H85:H89))/((COUNT(H85:H89)-2)*1000) -> 0
A91: STDEV | B91: =STDEV(B85:B89)/1000 -> #DIV/0! | C91: =STDEV(C85:C89)/1000 -> #DIV/0! | D91: =STDEV(D85:D89)/1000 -> #DIV/0! | E91: =STDEV(E85:E89)/1000 -> #DIV/0! | F91: =STDEV(F85:F89)/1000 -> #DIV/0! | G91: =STDEV(G85:G89)/1000 -> #DIV/0! | H91: =STDEV(H85:H89)/1000 -> #DIV/0!
A92: CONFIDENCE | B92: =CONFIDENCE(0.05,B91,5) -> #DIV/0! | C92: =CONFIDENCE(0.05,C91,5) -> #DIV/0! | D92: =CONFIDENCE(0.05,D91,5) -> #DIV/0! | E92: =CONFIDENCE(0.05,E91,5) -> #DIV/0! | F92: =CONFIDENCE(0.05,F91,5) -> #DIV/0! | G92: =CONFIDENCE(0.05,G91,5) -> #DIV/0! | H92: =CONFIDENCE(0.05,H91,5) -> #DIV/0!
A94: non-incremental deletions 50%
A95: RUN 1
A96: RUN 2
A97: RUN 3
A98: RUN 4
A99: RUN 5
A100: AVG | B100: =(SUM(B95:B99) -MAX(B95:B99) -MIN(B95:B99))/((COUNT(B95:B99)-2)*1000) -> 0 | C100: =(SUM(C95:C99) -MAX(C95:C99) -MIN(C95:C99))/((COUNT(C95:C99)-2)*1000) -> 0 | D100: =(SUM(D95:D99) -MAX(D95:D99) -MIN(D95:D99))/((COUNT(D95:D99)-2)*1000) -> 0 | E100: =(SUM(E95:E99) -MAX(E95:E99) -MIN(E95:E99))/((COUNT(E95:E99)-2)*1000) -> 0 | F100: =(SUM(F95:F99) -MAX(F95:F99) -MIN(F95:F99))/((COUNT(F95:F99)-2)*1000) -> 0 | G100: =(SUM(G95:G99) -MAX(G95:G99) -MIN(G95:G99))/((COUNT(G95:G99)-2)*1000) -> 0 | H100: =(SUM(H95:H99) -MAX(H95:H99) -MIN(H95:H99))/((COUNT(H95:H99)-2)*1000) -> 0
A101: STDEV | B101: =STDEV(B95:B99)/1000 -> #DIV/0! | C101: =STDEV(C95:C99)/1000 -> #DIV/0! | D101: =STDEV(D95:D99)/1000 -> #DIV/0! | E101: =STDEV(E95:E99)/1000 -> #DIV/0! | F101: =STDEV(F95:F99)/1000 -> #DIV/0! | G101: =STDEV(G95:G99)/1000 -> #DIV/0! | H101: =STDEV(H95:H99)/1000 -> #DIV/0!
A102: CONFIDENCE | B102: =CONFIDENCE(0.05,B101,5) -> #DIV/0! | C102: =CONFIDENCE(0.05,C101,5) -> #DIV/0! | D102: =CONFIDENCE(0.05,D101,5) -> #DIV/0! | E102: =CONFIDENCE(0.05,E101,5) -> #DIV/0! | F102: =CONFIDENCE(0.05,F101,5) -> #DIV/0! | G102: =CONFIDENCE(0.05,G101,5) -> #DIV/0! | H102: =CONFIDENCE(0.05,H101,5) -> #DIV/0!
A104: non-incremental insertions 1%
A105: RUN 1
A106: RUN 2
A107: RUN 3
A108: RUN 4
A109: RUN 5
A110: AVG | B110: =(SUM(B105:B109) -MAX(B105:B109) -MIN(B105:B109))/((COUNT(B105:B109)-2)*1000) -> 0 | C110: =(SUM(C105:C109) -MAX(C105:C109) -MIN(C105:C109))/((COUNT(C105:C109)-2)*1000) -> 0 | D110: =(SUM(D105:D109) -MAX(D105:D109) -MIN(D105:D109))/((COUNT(D105:D109)-2)*1000) -> 0 | E110: =(SUM(E105:E109) -MAX(E105:E109) -MIN(E105:E109))/((COUNT(E105:E109)-2)*1000) -> 0 | F110: =(SUM(F105:F109) -MAX(F105:F109) -MIN(F105:F109))/((COUNT(F105:F109)-2)*1000) -> 0 | G110: =(SUM(G105:G109) -MAX(G105:G109) -MIN(G105:G109))/((COUNT(G105:G109)-2)*1000) -> 0 | H110: =(SUM(H105:H109) -MAX(H105:H109) -MIN(H105:H109))/((COUNT(H105:H109)-2)*1000) -> 0
...

Sheet str - 4k
A1: scalabilityStr - tuples/peer: | B1: 4k
A2: #peers | B2: 5 | C2: 10 | D2: 15 | E2: 20 | F2: 25
A3: initial solution
A4: RUN 1 | B4: 13324 | C4: 43120 | D4: 143706 | E4: 268168 | F4: 274983
A5: RUN 2 | B5: 23433 | C5: 98906 | D5: 335277 | E5: 641119 | F5: 507844
A6: RUN 3 | B6: 20809 | C6: 97438 | D6: 330549 | E6: 668993 | F6: 508424
A7: RUN 4 | B7: 19829 | C7: 97189 | D7: 333018 | E7: 653787 | F7: 509060
A8: RUN 5 | B8: 20155 | C8: 97548 | D8: 325793 | E8: 653156 | F8: 516333
A9: AVG | B9: =(SUM(B4:B8) -MAX(B4:B8) -MIN(B4:B8))/((COUNT(B4:B8)-2)*1000) -> 20.264333 | C9: =(SUM(C4:C8) -MAX(C4:C8) -MIN(C4:C8))/((COUNT(C4:C8)-2)*1000) -> 97.391667 | D9: =(SUM(D4:D8) -MAX(D4:D8) -MIN(D4:D8))/((COUNT(D4:D8)-2)*1000) -> 329.78667 | E9: =(SUM(E4:E8) -MAX(E4:E8) -MIN(E4:E8))/((COUNT(E4:E8)-2)*1000) -> 649.354 | F9: =(SUM(F4:F8) -MAX(F4:F8) -MIN(F4:F8))/((COUNT(F4:F8)-2)*1000) -> 508.44267 | G9: sec
A10: STDEV | B10: =STDEV(B4:B8)/1000 -> 3.7370347 | C10: =STDEV(C4:C8)/1000 -> 24.449476 | D10: =STDEV(D4:D8)/1000 -> 83.905537 | E10: =STDEV(E4:E8)/1000 -> 172.95023 | F10: =STDEV(F4:F8)/1000 -> 105.3448
A11: CONFIDENCE | B11: =CONFIDENCE(0.05,B10,5) -> 3.2755951 | C11: =CONFIDENCE(0.05,C10,5) -> 21.430516 | D11: =CONFIDENCE(0.05,D10,5) -> 73.545095 | E11: =CONFIDENCE(0.05,E10,5) -> 151.59478 | F11: =CONFIDENCE(0.05,F10,5) -> 92.337093
A13: incremental deletions 1%
A14: RUN 1 | B14: 1280 | C14: 13007 | D14: 15116 | E14: 19375 | F14: 32698
A15: RUN 2 | B15: 1124 | C15: 12556 | D15: 14585 | E15: 18923 | F15: 32386
A16: RUN 3 | B16: 1123 | C16: 13057 | D16: 14586 | E16: 18923 | F16: 35208
A17: RUN 4 | B17: 1139 | C17: 12729 | D17: 14463 | E17: 19205 | F17: 32524
A18: RUN 5 | B18: 1139 | C18: 12262 | D18: 14437 | E18: 19251 | F18: 33103
A19: AVG | B19: =(SUM(B14:B18) -MAX(B14:B18) -MIN(B14:B18))/((COUNT(B14:B18)-2)*1000) -> 1.134 | C19: =(SUM(C14:C18) -MAX(C14:C18) -MIN(C14:C18))/((COUNT(C14:C18)-2)*1000) -> 12.764 | D19: =(SUM(D14:D18) -MAX(D14:D18) -MIN(D14:D18))/((COUNT(D14:D18)-2)*1000) -> 14.544667 | E19: =(SUM(E14:E18) -MAX(E14:E18) -MIN(E14:E18))/((COUNT(E14:E18)-2)*1000) -> 19.126333 | F19: =(SUM(F14:F18) -MAX(F14:F18) -MIN(F14:F18))/((COUNT(F14:F18)-2)*1000) -> 32.775 | G19: sec
A20: STDEV | B20: =STDEV(B14:B18)/1000 -> 0.066973876 | C20: =STDEV(C14:C18)/1000 -> 0.3288825 | D20: =STDEV(D14:D18)/1000 -> 0.27614362 | E20: =STDEV(E14:E18)/1000 -> 0.20361925 | F20: =STDEV(F14:F18)/1000 -> 1.163157
A21: CONFIDENCE | B21: =CONFIDENCE(0.05,B20,5) -> 0.058704112 | C21: =CONFIDENCE(0.05,C20,5) -> 0.28827293 | D21: =CONFIDENCE(0.05,D20,5) -> 0.24204611 | E21: =CONFIDENCE(0.05,E20,5) -> 0.17847686 | F21: =CONFIDENCE(0.05,F20,5) -> 1.0195333
A23: incremental deletions 10%
A24: RUN 1 | B24: 1234 | C24: 13684 | D24: 16536 | E24: 21839 | F24: 36474
A25: RUN 2 | B25: 1264 | C25: 13887 | D25: 17533 | E25: 22372 | F25: 39387
A26: RUN 3 | B26: 1217 | C26: 13627 | D26: 17359 | E26: 21439 | F26: 36796
A27: RUN 4 | B27: 1155 | C27: 13668 | D27: 17737 | E27: 22935 | F27: 36335
A28: RUN 5 | B28: 1201 | C28: 13680 | D28: 17801 | E28: 21557 | F28: 37194
A29: AVG | B29: =(SUM(B24:B28) -MAX(B24:B28) -MIN(B24:B28))/((COUNT(B24:B28)-2)*1000) -> 1.2173333 | C29: =(SUM(C24:C28) -MAX(C24:C28) -MIN(C24:C28))/((COUNT(C24:C28)-2)*1000) -> 13.677333 | D29: =(SUM(D24:D28) -MAX(D24:D28) -MIN(D24:D28))/((COUNT(D24:D28)-2)*1000) -> 17.543 | E29: =(SUM(E24:E28) -MAX(E24:E28) -MIN(E24:E28))/((COUNT(E24:E28)-2)*1000) -> 21.922667 | F29: =(SUM(F24:F28) -MAX(F24:F28) -MIN(F24:F28))/((COUNT(F24:F28)-2)*1000) -> 36.821333 | G29: sec
A30: STDEV | B30: =STDEV(B24:B28)/1000 -> 0.040493209 | C30: =STDEV(C24:C28)/1000 -> 0.10192497 | D30: =STDEV(D24:D28)/1000 -> 0.50990313 | E30: =STDEV(E24:E28)/1000 -> 0.62158411 | F30: =STDEV(F24:F28)/1000 -> 1.2464553
A31: CONFIDENCE | B31: =CONFIDENCE(0.05,B30,5) -> 0.035493211 | C31: =CONFIDENCE(0.05,C30,5) -> 0.089339536 | D31: =CONFIDENCE(0.05,D30,5) -> 0.44694159 | E31: =CONFIDENCE(0.05,E30,5) -> 0.54483248 | F31: =CONFIDENCE(0.05,F30,5) -> 1.0925461
A33: incremental deletions 50%
A34: RUN 1 | B34: 1811 | C34: 17360 | D34: 21077 | E34: 28408 | F34: 49080
A35: RUN 2 | B35: 2060 | C35: 18721 | D35: 23055 | E35: 34071 | F35: 51576
A36: RUN 3 | B36: 1794 | C36: 19172 | D36: 22822 | E36: 30230 | F36: 53449
A37: RUN 4 | B37: 1779 | C37: 18846 | D37: 22603 | E37: 30794 | F37: 49748
A38: RUN 5 | B38: 1747 | C38: 18679 | D38: 22555 | E38: 29999 | F38: 49500
A39: AVG | B39: =(SUM(B34:B38) -MAX(B34:B38) -MIN(B34:B38))/((COUNT(B34:B38)-2)*1000) -> 1.7946667 | C39: =(SUM(C34:C38) -MAX(C34:C38) -MIN(C34:C38))/((COUNT(C34:C38)-2)*1000) -> 18.748667 | D39: =(SUM(D34:D38) -MAX(D34:D38) -MIN(D34:D38))/((COUNT(D34:D38)-2)*1000) -> 22.66 | E39: =(SUM(E34:E38) -MAX(E34:E38) -MIN(E34:E38))/((COUNT(E34:E38)-2)*1000) -> 30.341 | F39: =(SUM(F34:F38) -MAX(F34:F38) -MIN(F34:F38))/((COUNT(F34:F38)-2)*1000) -> 50.274667 | G39: sec
A40: STDEV | B40: =STDEV(B34:B38)/1000 -> 0.12620499 | C40: =STDEV(C34:C38)/1000 -> 0.69575951 | D40: =STDEV(D34:D38)/1000 -> 0.77784369 | E40: =STDEV(E34:E38)/1000 -> 2.0819487 | F40: =STDEV(F34:F38)/1000 -> 1.8228247
A41: CONFIDENCE | B41: =CONFIDENCE(0.05,B40,5) -> 0.11062152 | C41: =CONFIDENCE(0.05,C40,5) -> 0.6098489 | D41: =CONFIDENCE(0.05,D40,5) -> 0.68179752 | E41: =CONFIDENCE(0.05,E40,5) -> 1.8248749 | F41: =CONFIDENCE(0.05,F40,5) -> 1.5977469
A43: incremental insertions 1%
A44: RUN 1 | B44: 5009 | C44: 15446 | D44: 33555 | E44: 54815 | F44: 61840
A45: RUN 2 | B45: 4915 | C45: 12994 | D45: 35942 | E45: 55362 | F45: 63803
A46: RUN 3 | B46: 4978 | C46: 13995 | D46: 36037 | E46: 58936 | F46: 62916
A47: RUN 4 | B47: 4931 | C47: 14460 | D47: 34444 | E47: 59685 | F47: 63554
A48: RUN 5 | B48: 4943 | C48: 14338 | D48: 36299 | E48: 60343 | F48: 62836
A49: AVG | B49: =(SUM(B44:B48) -MAX(B44:B48) -MIN(B44:B48))/((COUNT(B44:B48)-2)*1000) -> 4.9506667 | C49: =(SUM(C44:C48) -MAX(C44:C48) -MIN(C44:C48))/((COUNT(C44:C48)-2)*1000) -> 14.264333 | D49: =(SUM(D44:D48) -MAX(D44:D48) -MIN(D44:D48))/((COUNT(D44:D48)-2)*1000) -> 35.474333 | E49: =(SUM(E44:E48) -MAX(E44:E48) -MIN(E44:E48))/((COUNT(E44:E48)-2)*1000) -> 57.994333 | F49: =(SUM(F44:F48) -MAX(F44:F48) -MIN(F44:F48))/((COUNT(F44:F48)-2)*1000) -> 63.102 | G49: sec
A50: STDEV | B50: =STDEV(B44:B48)/1000 -> 0.03796314 | C50: =STDEV(C44:C48)/1000 -> 0.88384999 | D50: =STDEV(D44:D48)/1000 -> 1.1959462 | E50: =STDEV(E44:E48)/1000 -> 2.5573748 | F50: =STDEV(F44:F48)/1000 -> 0.76334082
A51: CONFIDENCE | B51: =CONFIDENCE(0.05,B50,5) -> 0.033275548 | C51: =CONFIDENCE(0.05,C50,5) -> 0.77471444 | D51: =CONFIDENCE(0.05,D50,5) -> 1.0482738 | E51: =CONFIDENCE(0.05,E50,5) -> 2.2415966 | F51: =CONFIDENCE(0.05,F50,5) -> 0.66908543
A53: incremental insertions 10%
A54: RUN 1 | B54: 5804 | C54: 19018 | D54: 80308 | E54: 88529 | F54: 115535
A55: RUN 2 | B55: 5900 | C55: 19827 | D55: 83055 | E55: 101027 | F55: 122538
A56: RUN 3 | B56: 5801 | C56: 19138 | D56: 85114 | E56: 105191 | F56: 128312
A57: RUN 4 | B57: 5925 | C57: 19095 | D57: 74693 | E57: 109438 | F57: 135704
A58: RUN 5 | B58: 5755 | C58: 18941 | D58: 72213 | E58: 110492 | F58: 132150
A59: AVG | B59: =(SUM(B54:B58) -MAX(B54:B58) -MIN(B54:B58))/((COUNT(B54:B58)-2)*1000) -> 5.835 | C59: =(SUM(C54:C58) -MAX(C54:C58) -MIN(C54:C58))/((COUNT(C54:C58)-2)*1000) -> 19.083667 | D59: =(SUM(D54:D58) -MAX(D54:D58) -MIN(D54:D58))/((COUNT(D54:D58)-2)*1000) -> 79.352 | E59: =(SUM(E54:E58) -MAX(E54:E58) -MIN(E54:E58))/((COUNT(E54:E58)-2)*1000) -> 105.21867 | F59: =(SUM(F54:F58) -MAX(F54:F58) -MIN(F54:F58))/((COUNT(F54:F58)-2)*1000) -> 127.66667 | G59: sec
A60: STDEV | B60: =STDEV(B54:B58)/1000 -> 0.072149151 | C60: =STDEV(C54:C58)/1000 -> 0.35641647 | D60: =STDEV(D54:D58)/1000 -> 5.4799445 | E60: =STDEV(E54:E58)/1000 -> 8.8834128 | F60: =STDEV(F54:F58)/1000 -> 7.9881679
A61: CONFIDENCE | B61: =CONFIDENCE(0.05,B60,5) -> 0.063240357 | C61: =CONFIDENCE(0.05,C60,5) -> 0.31240707 | D61: =CONFIDENCE(0.05,D60,5) -> 4.8032948 | E61: =CONFIDENCE(0.05,E60,5) -> 7.7865116 | F61: =CONFIDENCE(0.05,F60,5) -> 7.0018092
A63: incremental insertions 50%
A64: RUN 1 | B64: 12745 | C64: 56413 | D64: 238262 | E64: 395963 | F64: 370036
A65: RUN 2 | B65: 12137 | C65: 63150 | D65: 270148 | E65: 465709 | F65: 402496
A66: RUN 3 | B66: 12172 | C66: 61702 | D66: 326276 | E66: 465543 | F66: 400779
A67: RUN 4 | B67: 10811 | C67: 62281 | D67: 298591 | E67: 706963 | F67: 480673
A68: RUN 5 | B68: 10859 | C68: 62522 | D68: 267931 | E68: 594831 | F68: 437242
A69: AVG | B69: =(SUM(B64:B68) -MAX(B64:B68) -MIN(B64:B68))/((COUNT(B64:B68)-2)*1000) -> 11.722667 | C69: =(SUM(C64:C68) -MAX(C64:C68) -MIN(C64:C68))/((COUNT(C64:C68)-2)*1000) -> 62.168333 | D69: =(SUM(D64:D68) -MAX(D64:D68) -MIN(D64:D68))/((COUNT(D64:D68)-2)*1000) -> 278.89 | E69: =(SUM(E64:E68) -MAX(E64:E68) -MIN(E64:E68))/((COUNT(E64:E68)-2)*1000) -> 508.69433 | F69: =(SUM(F64:F68) -MAX(F64:F68) -MIN(F64:F68))/((COUNT(F64:F68)-2)*1000) -> 413.50567 | G69: sec
A70: STDEV | B70: =STDEV(B64:B68)/1000 -> 0.86506428 | C70: =STDEV(C64:C68)/1000 -> 2.7333676 | D70: =STDEV(D64:D68)/1000 -> 33.434955 | E70: =STDEV(E64:E68)/1000 -> 124.18212 | F70: =STDEV(F64:F68)/1000 -> 42.235474
A71: CONFIDENCE | B71: =CONFIDENCE(0.05,B70,5) -> 0.75824834 | C71: =CONFIDENCE(0.05,C70,5) -> 2.3958583 | D71: =CONFIDENCE(0.05,D70,5) -> 29.306492 | E71: =CONFIDENCE(0.05,E70,5) -> 108.84842 | F71: =CONFIDENCE(0.05,F70,5) -> 37.020345
A73: ------------------------------------------------------------------------------------------------------------------------------------------------------------------------------
A74: non-incremental deletions 1%
A75: RUN 1
A76: RUN 2
A77: RUN 3
A78: RUN 4
A79: RUN 5
A80: AVG | B80: =(SUM(B75:B79) -MAX(B75:B79) -MIN(B75:B79))/((COUNT(B75:B79)-2)*1000) -> 0 | C80: =(SUM(C75:C79) -MAX(C75:C79) -MIN(C75:C79))/((COUNT(C75:C79)-2)*1000) -> 0 | D80: =(SUM(D75:D79) -MAX(D75:D79) -MIN(D75:D79))/((COUNT(D75:D79)-2)*1000) -> 0 | E80: =(SUM(E75:E79) -MAX(E75:E79) -MIN(E75:E79))/((COUNT(E75:E79)-2)*1000) -> 0 | F80: =(SUM(F75:F79) -MAX(F75:F79) -MIN(F75:F79))/((COUNT(F75:F79)-2)*1000) -> 0 | G80: =(SUM(G75:G79) -MAX(G75:G79) -MIN(G75:G79))/((COUNT(G75:G79)-2)*1000) -> 0 | H80: =(SUM(H75:H79) -MAX(H75:H79) -MIN(H75:H79))/((COUNT(H75:H79)-2)*1000) -> 0
A81: STDEV | B81: =STDEV(B75:B79)/1000 -> #DIV/0! | C81: =STDEV(C75:C79)/1000 -> #DIV/0! | D81: =STDEV(D75:D79)/1000 -> #DIV/0! | E81: =STDEV(E75:E79)/1000 -> #DIV/0! | F81: =STDEV(F75:F79)/1000 -> #DIV/0! | G81: =STDEV(G75:G79)/1000 -> #DIV/0! | H81: =STDEV(H75:H79)/1000 -> #DIV/0!
A82: CONFIDENCE | B82: =CONFIDENCE(0.05,B81,5) -> #DIV/0! | C82: =CONFIDENCE(0.05,C81,5) -> #DIV/0! | D82: =CONFIDENCE(0.05,D81,5) -> #DIV/0! | E82: =CONFIDENCE(0.05,E81,5) -> #DIV/0! | F82: =CONFIDENCE(0.05,F81,5) -> #DIV/0! | G82: =CONFIDENCE(0.05,G81,5) -> #DIV/0! | H82: =CONFIDENCE(0.05,H81,5) -> #DIV/0!
A84: non-incremental deletions 10%
A85: RUN 1
A86: RUN 2
A87: RUN 3
A88: RUN 4
A89: RUN 5
A90: AVG | B90: =(SUM(B85:B89) -MAX(B85:B89) -MIN(B85:B89))/((COUNT(B85:B89)-2)*1000) -> 0 | C90: =(SUM(C85:C89) -MAX(C85:C89) -MIN(C85:C89))/((COUNT(C85:C89)-2)*1000) -> 0 | D90: =(SUM(D85:D89) -MAX(D85:D89) -MIN(D85:D89))/((COUNT(D85:D89)-2)*1000) -> 0 | E90: =(SUM(E85:E89) -MAX(E85:E89) -MIN(E85:E89))/((COUNT(E85:E89)-2)*1000) -> 0 | F90: =(SUM(F85:F89) -MAX(F85:F89) -MIN(F85:F89))/((COUNT(F85:F89)-2)*1000) -> 0 | G90: =(SUM(G85:G89) -MAX(G85:G89) -MIN(G85:G89))/((COUNT(G85:G89)-2)*1000) -> 0 | H90: =(SUM(H85:H89) -MAX(H85:H89) -MIN(H85:H89))/((COUNT(H85:H89)-2)*1000) -> 0
A91: STDEV | B91: =STDEV(B85:B89)/1000 -> #DIV/0! | C91: =STDEV(C85:C89)/1000 -> #DIV/0! | D91: =STDEV(D85:D89)/1000 -> #DIV/0! | E91: =STDEV(E85:E89)/1000 -> #DIV/0! | F91: =STDEV(F85:F89)/1000 -> #DIV/0! | G91: =STDEV(G85:G89)/1000 -> #DIV/0! | H91: =STDEV(H85:H89)/1000 -> #DIV/0!
A92: CONFIDENCE | B92: =CONFIDENCE(0.05,B91,5) -> #DIV/0! | C92: =CONFIDENCE(0.05,C91,5) -> #DIV/0! | D92: =CONFIDENCE(0.05,D91,5) -> #DIV/0! | E92: =CONFIDENCE(0.05,E91,5) -> #DIV/0! | F92: =CONFIDENCE(0.05,F91,5) -> #DIV/0! | G92: =CONFIDENCE(0.05,G91,5) -> #DIV/0! | H92: =CONFIDENCE(0.05,H91,5) -> #DIV/0!
A94: non-incremental deletions 50%
A95: RUN 1
A96: RUN 2
A97: RUN 3
A98: RUN 4
A99: RUN 5
A100: AVG | B100: =(SUM(B95:B99) -MAX(B95:B99) -MIN(B95:B99))/((COUNT(B95:B99)-2)*1000) -> 0 | C100: =(SUM(C95:C99) -MAX(C95:C99) -MIN(C95:C99))/((COUNT(C95:C99)-2)*1000) -> 0 | D100: =(SUM(D95:D99) -MAX(D95:D99) -MIN(D95:D99))/((COUNT(D95:D99)-2)*1000) -> 0 | E100: =(SUM(E95:E99) -MAX(E95:E99) -MIN(E95:E99))/((COUNT(E95:E99)-2)*1000) -> 0 | F100: =(SUM(F95:F99) -MAX(F95:F99) -MIN(F95:F99))/((COUNT(F95:F99)-2)*1000) -> 0 | G100: =(SUM(G95:G99) -MAX(G95:G99) -MIN(G95:G99))/((COUNT(G95:G99)-2)*1000) -> 0 | H100: =(SUM(H95:H99) -MAX(H95:H99) -MIN(H95:H99))/((COUNT(H95:H99)-2)*1000) -> 0
A101: STDEV | B101: =STDEV(B95:B99)/1000 -> #DIV/0! | C101: =STDEV(C95:C99)/1000 -> #DIV/0! | D101: =STDEV(D95:D99)/1000 -> #DIV/0! | E101: =STDEV(E95:E99)/1000 -> #DIV/0! | F101: =STDEV(F95:F99)/1000 -> #DIV/0! | G101: =STDEV(G95:G99)/1000 -> #DIV/0! | H101: =STDEV(H95:H99)/1000 -> #DIV/0!
A102: CONFIDENCE | B102: =CONFIDENCE(0.05,B101,5) -> #DIV/0! | C102: =CONFIDENCE(0.05,C101,5) -> #DIV/0! | D102: =CONFIDENCE(0.05,D101,5) -> #DIV/0! | E102: =CONFIDENCE(0.05,E101,5) -> #DIV/0! | F102: =CONFIDENCE(0.05,F101,5) -> #DIV/0! | G102: =CONFIDENCE(0.05,G101,5) -> #DIV/0! | H102: =CONFIDENCE(0.05,H101,5) -> #DIV/0!
A104: non-incremental insertions 1%
A105: RUN 1
A106: RUN 2
A107: RUN 3
A108: RUN 4
A109: RUN 5
A110: AVG | B110: =(SUM(B105:B109) -MAX(B105:B109) -MIN(B105:B109))/((COUNT(B105:B109)-2)*1000) -> 0 | C110: =(SUM(C105:C109) -MAX(C105:C109) -MIN(C105:C109))/((COUNT(C105:C109)-2)*1000) -> 0 | D110: =(SUM(D105:D109) -MAX(D105:D109) -MIN(D105:D109))/((COUNT(D105:D109)-2)*1000) -> 0 | E110: =(SUM(E105:E109) -MAX(E105:E109) -MIN(E105:E109))/((COUNT(E105:E109)-2)*1000) -> 0 | F110: =(SUM(F105:F109) -MAX(F105:F109) -MIN(F105:F109))/((COUNT(F105:F109)-2)*1000) -> 0 | G110: =(SUM(G105:G109) -MAX(G105:G109) -MIN(G105:G109))/((COUNT(G105:G109)-2)*1000) -> 0 | H110: =(SUM(H105:H109) -MAX(H105:H109) -MIN(H105:H109))/((COUNT(H105:H109)-2)*1000) -> 0
...

Sheet str - 6k
A1: scalabilityStr - tuples/peer: | B1: 6k
A2: #peers | B2: 2 | C2: 4 | D2: 6 | E2: 8 | F2: 10 | G2: 12 | H2: 14 | I2: 16
A3: initial solution
A4: RUN 1 | B4: 2980 | C4: 12526 | D4: 32087 | E4: 71292 | F4: 63199 | G4: 196657 | H4: 268554 | I4: 601710
A5: RUN 2 | B5: 5914 | C5: 21248 | D5: 73197 | E5: 185001 | F5: 183222 | G5: 503117 | H5: 595252 | I5: 1233610
A6: RUN 3 | B6: 3713 | C6: 19657 | D6: 76890 | E6: 171835 | F6: 183550 | G6: 499871 | H6: 595959 | I6: 1191758
A7: RUN 4 | B7: 3479 | C7: 21420 | D7: 79316 | E7: 177578 | F7: 182333 | G7: 508594 | H7: 601040 | I7: 1165497
A8: RUN 5 | B8: 3354 | C8: 16425 | D8: 72233 | E8: 177076 | F8: 182382 | G8: 844043 | H8: 597962 | I8: 1134190
A9: AVG | B9: =(SUM(B4:B8) -MAX(B4:B8) -MIN(B4:B8))/((COUNT(B4:B8)-2)*1000) -> 3.5153333 | C9: =(SUM(C4:C8) -MAX(C4:C8) -MIN(C4:C8))/((COUNT(C4:C8)-2)*1000) -> 19.11 | D9: =(SUM(D4:D8) -MAX(D4:D8) -MIN(D4:D8))/((COUNT(D4:D8)-2)*1000) -> 74.106667 | E9: =(SUM(E4:E8) -MAX(E4:E8) -MIN(E4:E8))/((COUNT(E4:E8)-2)*1000) -> 175.49633 | F9: =(SUM(F4:F8) -MAX(F4:F8) -MIN(F4:F8))/((COUNT(F4:F8)-2)*1000) -> 182.64567 | G9: =(SUM(G4:G8) -MAX(G4:G8) -MIN(G4:G8))/((COUNT(G4:G8)-2)*1000) -> 503.86067 | H9: =(SUM(H4:H8) -MAX(H4:H8) -MIN(H4:H8))/((COUNT(H4:H8)-2)*1000) -> 596.391 | I9: =(SUM(I4:I8) -MAX(I4:I8) -MIN(I4:I8))/((COUNT(I4:I8)-2)*1000) -> 1163.815 | J9: sec
A10: STDEV | B10: =STDEV(B4:B8)/1000 -> 1.163207 | C10: =STDEV(C4:C8)/1000 -> 3.7785982 | D10: =STDEV(D4:D8)/1000 -> 19.582355 | E10: =STDEV(E4:E8)/1000 -> 47.894442 | F10: =STDEV(F4:F8)/1000 -> 53.52188 | G10: =STDEV(G4:G8)/1000 -> 229.08485 | H10: =STDEV(H4:H8)/1000 -> 147.15007 | I10: =STDEV(I4:I8)/1000 -> 261.73499
A11: CONFIDENCE | B11: =CONFIDENCE(0.05,B10,5) -> 1.0195771 | C11: =CONFIDENCE(0.05,C10,5) -> 3.3120265 | D11: =CONFIDENCE(0.05,D10,5) -> 17.164375 | E11: =CONFIDENCE(0.05,E10,5) -> 41.980558 | F11: =CONFIDENCE(0.05,F10,5) -> 46.913134 | G11: =CONFIDENCE(0.05,G10,5) -> 200.79803 | H11: =CONFIDENCE(0.05,H10,5) -> 128.98035 | I11: =CONFIDENCE(0.05,I10,5) -> 229.41662
A13: incremental deletions 1%
A14: RUN 1 | B14: 343 | C14: 1983 | D14: 5536 | E14: 9642 | F14: 13325 | G14: 11727 | H14: 12230 | I14: 18953
A15: RUN 2 | B15: 328 | C15: 1810 | D15: 5317 | E15: 6942 | F15: 13060 | G15: 11578 | H15: 11905 | I15: 18371
A16: RUN 3 | B16: 312 | C16: 1765 | D16: 5089 | E16: 7113 | F16: 13243 | G16: 11603 | H16: 11993 | I16: 18581
A17: RUN 4 | B17: 343 | C17: 1825 | D17: 5104 | E17: 7080 | F17: 13542 | G17: 11498 | H17: 11763 | I17: 21229
A18: RUN 5 | B18: 327 | C18: 1872 | D18: 5115 | E18: 7101 | F18: 13011 | G18: 11420 | H18: 11877 | I18: 18546
A19: AVG | B19: =(SUM(B14:B18) -MAX(B14:B18) -MIN(B14:B18))/((COUNT(B14:B18)-2)*1000) -> 0.33266667 | C19: =(SUM(C14:C18) -MAX(C14:C18) -MIN(C14:C18))/((COUNT(C14:C18)-2)*1000) -> 1.8356667 | D19: =(SUM(D14:D18) -MAX(D14:D18) -MIN(D14:D18))/((COUNT(D14:D18)-2)*1000) -> 5.1786667 | E19: =(SUM(E14:E18) -MAX(E14:E18) -MIN(E14:E18))/((COUNT(E14:E18)-2)*1000) -> 7.098 | F19: =(SUM(F14:F18) -MAX(F14:F18) -MIN(F14:F18))/((COUNT(F14:F18)-2)*1000) -> 13.209333 | G19: =(SUM(G14:G18) -MAX(G14:G18) -MIN(G14:G18))/((COUNT(G14:G18)-2)*1000) -> 11.559667 | H19: =(SUM(H14:H18) -MAX(H14:H18) -MIN(H14:H18))/((COUNT(H14:H18)-2)*1000) -> 11.925 | I19: =(SUM(I14:I18) -MAX(I14:I18) -MIN(I14:I18))/((COUNT(I14:I18)-2)*1000) -> 18.693333 | J19: sec
A20: STDEV | B20: =STDEV(B14:B18)/1000 -> 0.012973049 | C20: =STDEV(C14:C18)/1000 -> 0.083093321 | D20: =STDEV(D14:D18)/1000 -> 0.19375423 | E20: =STDEV(E14:E18)/1000 -> 1.1571864 | F20: =STDEV(F14:F18)/1000 -> 0.21401332 | G20: =STDEV(G14:G18)/1000 -> 0.11551061 | H20: =STDEV(H14:H18)/1000 -> 0.17500514 | I20: =STDEV(I14:I18)/1000 -> 1.1890635
A21: CONFIDENCE | B21: =CONFIDENCE(0.05,B20,5) -> 0.01137117 | C21: =CONFIDENCE(0.05,C20,5) -> 0.072833169 | D21: =CONFIDENCE(0.05,D20,5) -> 0.16982995 | E21: =CONFIDENCE(0.05,E20,5) -> 1.0142999 | F21: =CONFIDENCE(0.05,F20,5) -> 0.1875875 | G21: =CONFIDENCE(0.05,G20,5) -> 0.10124765 | H21: =CONFIDENCE(0.05,H20,5) -> 0.15339595 | I21: =CONFIDENCE(0.05,I20,5) -> 1.042241
A23: incremental deletions 10%
A24: RUN 1 | B24: 389 | C24: 2074 | D24: 5976 | E24: 8596 | F24: 15354 | G24: 13839 | H24: 13837 | I24: 21341
A25: RUN 2 | B25: 375 | C25: 2014 | D25: 6290 | E25: 9031 | F25: 15945 | G25: 15180 | H25: 14915 | I25: 23796
A26: RUN 3 | B26: 359 | C26: 2013 | D26: 6360 | E26: 9263 | F26: 15992 | G26: 14788 | H26: 18360 | I26: 22961
A27: RUN 4 | B27: 390 | C27: 2090 | D27: 6758 | E27: 9218 | F27: 16036 | G27: 15130 | H27: 14696 | I27: 23837
A28: RUN 5 | B28: 375 | C28: 2119 | D28: 6380 | E28: 9001 | F28: 16890 | G28: 14680 | H28: 14586 | I28: 23607
A29: AVG | B29: =(SUM(B24:B28) -MAX(B24:B28) -MIN(B24:B28))/((COUNT(B24:B28)-2)*1000) -> 0.37966667 | C29: =(SUM(C24:C28) -MAX(C24:C28) -MIN(C24:C28))/((COUNT(C24:C28)-2)*1000) -> 2.0593333 | D29: =(SUM(D24:D28) -MAX(D24:D28) -MIN(D24:D28))/((COUNT(D24:D28)-2)*1000) -> 6.3433333 | E29: =(SUM(E24:E28) -MAX(E24:E28) -MIN(E24:E28))/((COUNT(E24:E28)-2)*1000) -> 9.0833333 | F29: =(SUM(F24:F28) -MAX(F24:F28) -MIN(F24:F28))/((COUNT(F24:F28)-2)*1000) -> 15.991 | G29: =(SUM(G24:G28) -MAX(G24:G28) -MIN(G24:G28))/((COUNT(G24:G28)-2)*1000) -> 14.866 | H29: =(SUM(H24:H28) -MAX(H24:H28) -MIN(H24:H28))/((COUNT(H24:H28)-2)*1000) -> 14.732333 | I29: =(SUM(I24:I28) -MAX(I24:I28) -MIN(I24:I28))/((COUNT(I24:I28)-2)*1000) -> 23.454667 | J29: sec
A30: STDEV | B30: =STDEV(B24:B28)/1000 -> 0.012680694 | C30: =STDEV(C24:C28)/1000 -> 0.047122182 | D30: =STDEV(D24:D28)/1000 -> 0.2787924 | E30: =STDEV(E24:E28)/1000 -> 0.26386303 | F30: =STDEV(F24:F28)/1000 -> 0.54872197 | G30: =STDEV(G24:G28)/1000 -> 0.53898683 | H30: =STDEV(H24:H28)/1000 -> 1.7695027 | I30: =STDEV(I24:I28)/1000 -> 1.0485327
A31: CONFIDENCE | B31: =CONFIDENCE(0.05,B30,5) -> 0.011114914 | C31: =CONFIDENCE(0.05,C30,5) -> 0.041303654 | D31: =CONFIDENCE(0.05,D30,5) -> 0.24436782 | E31: =CONFIDENCE(0.05,E30,5) -> 0.2312819 | F31: =CONFIDENCE(0.05,F30,5) -> 0.48096717 | G31: =CONFIDENCE(0.05,G30,5) -> 0.4724341 | H31: =CONFIDENCE(0.05,H30,5) -> 1.551009 | I31: =CONFIDENCE(0.05,I30,5) -> 0.91906254
A33: incremental deletions 50%
A34: RUN 1 | B34: 671 | C34: 3165 | D34: 9237 | E34: 13619 | F34: 25790 | G34: 26847 | H34: 20482 | I34: 36631
A35: RUN 2 | B35: 888 | C35: 3340 | D35: 10689 | E35: 15119 | F35: 28189 | G35: 27298 | H35: 23947 | I35: 39190
A36: RUN 3 | B36: 701 | C36: 3169 | D36: 10829 | E36: 16818 | F36: 30573 | G36: 26290 | H36: 24475 | I36: 34649
A37: RUN 4 | B37: 748 | C37: 3101 | D37: 10685 | E37: 15911 | F37: 26617 | G37: 26304 | H37: 24322 | I37: 35430
A38: RUN 5 | B38: 655 | C38: 3041 | D38: 10575 | E38: 15976 | F38: 27251 | G38: 26691 | H38: 23372 | I38: 35348
A39: AVG | B39: =(SUM(B34:B38) -MAX(B34:B38) -MIN(B34:B38))/((COUNT(B34:B38)-2)*1000) -> 0.70666667 | C39: =(SUM(C34:C38) -MAX(C34:C38) -MIN(C34:C38))/((COUNT(C34:C38)-2)*1000) -> 3.145 | D39: =(SUM(D34:D38) -MAX(D34:D38) -MIN(D34:D38))/((COUNT(D34:D38)-2)*1000) -> 10.649667 | E39: =(SUM(E34:E38) -MAX(E34:E38) -MIN(E34:E38))/((COUNT(E34:E38)-2)*1000) -> 15.668667 | F39: =(SUM(F34:F38) -MAX(F34:F38) -MIN(F34:F38))/((COUNT(F34:F38)-2)*1000) -> 27.352333 | G39: =(SUM(G34:G38) -MAX(G34:G38) -MIN(G34:G38))/((COUNT(G34:G38)-2)*1000) -> 26.614 | H39: =(SUM(H34:H38) -MAX(H34:H38) -MIN(H34:H38))/((COUNT(H34:H38)-2)*1000) -> 23.880333 | I39: =(SUM(I34:I38) -MAX(I34:I38) -MIN(I34:I38))/((COUNT(I34:I38)-2)*1000) -> 35.803 | J39: sec
A40: STDEV | B40: =STDEV(B34:B38)/1000 -> 0.093809914 | C40: =STDEV(C34:C38)/1000 -> 0.11191157 | D40: =STDEV(D34:D38)/1000 -> 0.6580152 | E40: =STDEV(E34:E38)/1000 -> 1.205746 | F40: =STDEV(F34:F38)/1000 -> 1.8381077 | G40: =STDEV(G34:G38)/1000 -> 0.41929405 | H40: =STDEV(H34:H38)/1000 -> 1.6422626 | I40: =STDEV(I34:I38)/1000 -> 1.7915053
A41: CONFIDENCE | B41: =CONFIDENCE(0.05,B40,5) -> 0.082226504 | C41: =CONFIDENCE(0.05,C40,5) -> 0.098093016 | D41: =CONFIDENCE(0.05,D40,5) -> 0.57676515 | E41: =CONFIDENCE(0.05,E40,5) -> 1.0568635 | F41: =CONFIDENCE(0.05,F40,5) -> 1.6111429 | G41: =CONFIDENCE(0.05,G40,5) -> 0.36752069 | H41: =CONFIDENCE(0.05,H40,5) -> 1.4394801 | I41: =CONFIDENCE(0.05,I40,5) -> 1.5702948
A43: incremental insertions 1%
A44: RUN 1 | B44: 1015 | C44: 3901 | D44: 9343 | E44: 17037 | F44: 15987 | G44: 29139 | H44: 41368 | I44: 60745
A45: RUN 2 | B45: 999 | C45: 3856 | D45: 9050 | E45: 19827 | F45: 15699 | G45: 29611 | H45: 42683 | I45: 65490
A46: RUN 3 | B46: 1013 | C46: 3915 | D46: 8876 | E46: 17082 | F46: 15664 | G46: 30595 | H46: 41717 | I46: 65025
A47: RUN 4 | B47: 999 | C47: 3821 | D47: 8923 | E47: 16896 | F47: 15851 | G47: 31152 | H47: 42900 | I47: 63041
A48: RUN 5 | B48: 968 | C48: 3961 | D48: 8786 | E48: 16880 | F48: 15788 | G48: 30998 | H48: 45240 | I48: 62463
A49: AVG | B49: =(SUM(B44:B48) -MAX(B44:B48) -MIN(B44:B48))/((COUNT(B44:B48)-2)*1000) -> 1.0036667 | C49: =(SUM(C44:C48) -MAX(C44:C48) -MIN(C44:C48))/((COUNT(C44:C48)-2)*1000) -> 3.8906667 | D49: =(SUM(D44:D48) -MAX(D44:D48) -MIN(D44:D48))/((COUNT(D44:D48)-2)*1000) -> 8.9496667 | E49: =(SUM(E44:E48) -MAX(E44:E48) -MIN(E44:E48))/((COUNT(E44:E48)-2)*1000) -> 17.005 | F49: =(SUM(F44:F48) -MAX(F44:F48) -MIN(F44:F48))/((COUNT(F44:F48)-2)*1000) -> 15.779333 | G49: =(SUM(G44:G48) -MAX(G44:G48) -MIN(G44:G48))/((COUNT(G44:G48)-2)*1000) -> 30.401333 | H49: =(SUM(H44:H48) -MAX(H44:H48) -MIN(H44:H48))/((COUNT(H44:H48)-2)*1000) -> 42.433333 | I49: =(SUM(I44:I48) -MAX(I44:I48) -MIN(I44:I48))/((COUNT(I44:I48)-2)*1000) -> 63.509667 | J49: sec
A50: STDEV | B50: =STDEV(B44:B48)/1000 -> 0.018793616 | C50: =STDEV(C44:C48)/1000 -> 0.054085118 | D50: =STDEV(D44:D48)/1000 -> 0.21630603 | E50: =STDEV(E44:E48)/1000 -> 1.2790017 | F50: =STDEV(F44:F48)/1000 -> 0.12882818 | G50: =STDEV(G44:G48)/1000 -> 0.88356805 | H50: =STDEV(H44:H48)/1000 -> 1.5165017 | I50: =STDEV(I44:I48)/1000 -> 1.9399395
A51: CONFIDENCE | B51: =CONFIDENCE(0.05,B50,5) -> 0.016473028 | C51: =CONFIDENCE(0.05,C50,5) -> 0.047406825 | D51: =CONFIDENCE(0.05,D50,5) -> 0.18959711 | E51: =CONFIDENCE(0.05,E50,5) -> 1.1210738 | F51: =CONFIDENCE(0.05,F50,5) -> 0.1129208 | G51: =CONFIDENCE(0.05,G50,5) -> 0.77446731 | H51: =CONFIDENCE(0.05,H50,5) -> 1.3292479 | I51: =CONFIDENCE(0.05,I50,5) -> 1.7004007
A53: incremental insertions 10%
A54: RUN 1 | B54: 1296 | C54: 5743 | D54: 13897 | E54: 28750 | F54: 29127 | G54: 60049 | H54: 98345 | I54: 132273
A55: RUN 2 | B55: 1248 | C55: 5755 | D55: 14289 | E55: 29889 | F55: 31077 | G55: 58373 | H55: 107964 | I55: 157731
A56: RUN 3 | B56: 1234 | C56: 5678 | D56: 14633 | E56: 30720 | F56: 30357 | G56: 62517 | H56: 94803 | I56: 143628
A57: RUN 4 | B57: 1279 | C57: 5366 | D57: 14415 | E57: 30544 | F57: 30545 | G57: 60874 | H57: 101306 | I57: 135409
A58: RUN 5 | B58: 1245 | C58: 5413 | D58: 14054 | E58: 30887 | F58: 30810 | G58: 61525 | H58: 97733 | I58: 142695
A59: AVG | B59: =(SUM(B54:B58) -MAX(B54:B58) -MIN(B54:B58))/((COUNT(B54:B58)-2)*1000) -> 1.2573333 | C59: =(SUM(C54:C58) -MAX(C54:C58) -MIN(C54:C58))/((COUNT(C54:C58)-2)*1000) -> 5.6113333 | D59: =(SUM(D54:D58) -MAX(D54:D58) -MIN(D54:D58))/((COUNT(D54:D58)-2)*1000) -> 14.252667 | E59: =(SUM(E54:E58) -MAX(E54:E58) -MIN(E54:E58))/((COUNT(E54:E58)-2)*1000) -> 30.384333 | F59: =(SUM(F54:F58) -MAX(F54:F58) -MIN(F54:F58))/((COUNT(F54:F58)-2)*1000) -> 30.570667 | G59: =(SUM(G54:G58) -MAX(G54:G58) -MIN(G54:G58))/((COUNT(G54:G58)-2)*1000) -> 60.816 | H59: =(SUM(H54:H58) -MAX(H54:H58) -MIN(H54:H58))/((COUNT(H54:H58)-2)*1000) -> 99.128 | I59: =(SUM(I54:I58) -MAX(I54:I58) -MIN(I54:I58))/((COUNT(I54:I58)-2)*1000) -> 140.57733 | J59: sec
A60: STDEV | B60: =STDEV(B54:B58)/1000 -> 0.025986535 | C60: =STDEV(C54:C58)/1000 -> 0.18700134 | D60: =STDEV(D54:D58)/1000 -> 0.29076245 | E60: =STDEV(E54:E58)/1000 -> 0.87337077 | F60: =STDEV(F54:F58)/1000 -> 0.75306388 | G60: =STDEV(G54:G58)/1000 -> 1.5689066 | H60: =STDEV(H54:H58)/1000 -> 5.0003374 | I60: =STDEV(I54:I58)/1000 -> 9.849503
A61: CONFIDENCE | B61: =CONFIDENCE(0.05,B60,5) -> 0.022777784 | C61: =CONFIDENCE(0.05,C60,5) -> 0.16391089 | D61: =CONFIDENCE(0.05,D60,5) -> 0.25485984 | E61: =CONFIDENCE(0.05,E60,5) -> 0.76552917 | F61: =CONFIDENCE(0.05,F60,5) -> 0.66007746 | G61: =CONFIDENCE(0.05,G60,5) -> 1.375182 | H61: =CONFIDENCE(0.05,H60,5) -> 4.3829084 | I61: =CONFIDENCE(0.05,I60,5) -> 8.6333114
A63: incremental insertions 50%
A64: RUN 1 | B64: 2230 | C64: 15647 | D64: 48858 | E64: 99107 | F64: 100326 | G64: 252191 | H64: 315210 | I64: 591327
A65: RUN 2 | B65: 2264 | C65: 16492 | D65: 54147 | E65: 109652 | F65: 129201 | G65: 321311 | H65: 369192 | I65: 670310
A66: RUN 3 | B66: 2310 | C66: 16488 | D66: 53928 | E66: 109574 | F66: 125860 | G66: 326434 | H66: 342297 | I66: 643816
A67: RUN 4 | B67: 2262 | C67: 15338 | D67: 54425 | E67: 110544 | F67: 122071 | G67: 284405 | H67: 341096 | I67: 645549
A68: RUN 5 | B68: 2248 | C68: 16380 | D68: 54771 | E68: 110482 | F68: 123960 | G68: 285919 | H68: 341875 | I68: 1077184
A69: AVG | B69: =(SUM(B64:B68) -MAX(B64:B68) -MIN(B64:B68))/((COUNT(B64:B68)-2)*1000) -> 2.258 | C69: =(SUM(C64:C68) -MAX(C64:C68) -MIN(C64:C68))/((COUNT(C64:C68)-2)*1000) -> 16.171667 | D69: =(SUM(D64:D68) -MAX(D64:D68) -MIN(D64:D68))/((COUNT(D64:D68)-2)*1000) -> 54.166667 | E69: =(SUM(E64:E68) -MAX(E64:E68) -MIN(E64:E68))/((COUNT(E64:E68)-2)*1000) -> 109.90267 | F69: =(SUM(F64:F68) -MAX(F64:F68) -MIN(F64:F68))/((COUNT(F64:F68)-2)*1000) -> 123.96367 | G69: =(SUM(G64:G68) -MAX(G64:G68) -MIN(G64:G68))/((COUNT(G64:G68)-2)*1000) -> 297.21167 | H69: =(SUM(H64:H68) -MAX(H64:H68) -MIN(H64:H68))/((COUNT(H64:H68)-2)*1000) -> 341.756 | I69: =(SUM(I64:I68) -MAX(I64:I68) -MIN(I64:I68))/((COUNT(I64:I68)-2)*1000) -> 653.225 | J69: sec
A70: STDEV | B70: =STDEV(B64:B68)/1000 -> 0.029685013 | C70: =STDEV(C64:C68)/1000 -> 0.53936444 | D70: =STDEV(D64:D68)/1000 -> 2.4619654 | E70: =STDEV(E64:E68)/1000 -> 4.9204195 | F70: =STDEV(F64:F68)/1000 -> 11.463341 | G70: =STDEV(G64:G68)/1000 -> 30.426964 | H70: =STDEV(H64:H68)/1000 -> 19.091937 | I70: =STDEV(I64:I68)/1000 -> 198.61666
A71: CONFIDENCE | B71: =CONFIDENCE(0.05,B70,5) -> 0.026019583 | C71: =CONFIDENCE(0.05,C70,5) -> 0.47276509 | D71: =CONFIDENCE(0.05,D70,5) -> 2.1579682 | E71: =CONFIDENCE(0.05,E70,5) -> 4.3128586 | F71: =CONFIDENCE(0.05,F70,5) -> 10.047877 | G71: =CONFIDENCE(0.05,G70,5) -> 26.66992 | H71: =CONFIDENCE(0.05,H70,5) -> 16.734513 | I71: =CONFIDENCE(0.05,I70,5) -> 174.09198
A73: ------------------------------------------------------------------------------------------------------------------------------------------------------------------------------
A74: non-incremental deletions 1%
A75: RUN 1
A76: RUN 2
A77: RUN 3
A78: RUN 4
A79: RUN 5
A80: AVG | B80: =(SUM(B75:B79) -MAX(B75:B79) -MIN(B75:B79))/((COUNT(B75:B79)-2)*1000) -> 0 | C80: =(SUM(C75:C79) -MAX(C75:C79) -MIN(C75:C79))/((COUNT(C75:C79)-2)*1000) -> 0 | D80: =(SUM(D75:D79) -MAX(D75:D79) -MIN(D75:D79))/((COUNT(D75:D79)-2)*1000) -> 0 | E80: =(SUM(E75:E79) -MAX(E75:E79) -MIN(E75:E79))/((COUNT(E75:E79)-2)*1000) -> 0 | F80: =(SUM(F75:F79) -MAX(F75:F79) -MIN(F75:F79))/((COUNT(F75:F79)-2)*1000) -> 0 | G80: =(SUM(G75:G79) -MAX(G75:G79) -MIN(G75:G79))/((COUNT(G75:G79)-2)*1000) -> 0 | H80: =(SUM(H75:H79) -MAX(H75:H79) -MIN(H75:H79))/((COUNT(H75:H79)-2)*1000) -> 0
A81: STDEV | B81: =STDEV(B75:B79)/1000 -> #DIV/0! | C81: =STDEV(C75:C79)/1000 -> #DIV/0! | D81: =STDEV(D75:D79)/1000 -> #DIV/0! | E81: =STDEV(E75:E79)/1000 -> #DIV/0! | F81: =STDEV(F75:F79)/1000 -> #DIV/0! | G81: =STDEV(G75:G79)/1000 -> #DIV/0! | H81: =STDEV(H75:H79)/1000 -> #DIV/0!
A82: CONFIDENCE | B82: =CONFIDENCE(0.05,B81,5) -> #DIV/0! | C82: =CONFIDENCE(0.05,C81,5) -> #DIV/0! | D82: =CONFIDENCE(0.05,D81,5) -> #DIV/0! | E82: =CONFIDENCE(0.05,E81,5) -> #DIV/0! | F82: =CONFIDENCE(0.05,F81,5) -> #DIV/0! | G82: =CONFIDENCE(0.05,G81,5) -> #DIV/0! | H82: =CONFIDENCE(0.05,H81,5) -> #DIV/0!
A84: non-incremental deletions 10%
A85: RUN 1
A86: RUN 2
A87: RUN 3
A88: RUN 4
A89: RUN 5
A90: AVG | B90: =(SUM(B85:B89) -MAX(B85:B89) -MIN(B85:B89))/((COUNT(B85:B89)-2)*1000) -> 0 | C90: =(SUM(C85:C89) -MAX(C85:C89) -MIN(C85:C89))/((COUNT(C85:C89)-2)*1000) -> 0 | D90: =(SUM(D85:D89) -MAX(D85:D89) -MIN(D85:D89))/((COUNT(D85:D89)-2)*1000) -> 0 | E90: =(SUM(E85:E89) -MAX(E85:E89) -MIN(E85:E89))/((COUNT(E85:E89)-2)*1000) -> 0 | F90: =(SUM(F85:F89) -MAX(F85:F89) -MIN(F85:F89))/((COUNT(F85:F89)-2)*1000) -> 0 | G90: =(SUM(G85:G89) -MAX(G85:G89) -MIN(G85:G89))/((COUNT(G85:G89)-2)*1000) -> 0 | H90: =(SUM(H85:H89) -MAX(H85:H89) -MIN(H85:H89))/((COUNT(H85:H89)-2)*1000) -> 0
A91: STDEV | B91: =STDEV(B85:B89)/1000 -> #DIV/0! | C91: =STDEV(C85:C89)/1000 -> #DIV/0! | D91: =STDEV(D85:D89)/1000 -> #DIV/0! | E91: =STDEV(E85:E89)/1000 -> #DIV/0! | F91: =STDEV(F85:F89)/1000 -> #DIV/0! | G91: =STDEV(G85:G89)/1000 -> #DIV/0! | H91: =STDEV(H85:H89)/1000 -> #DIV/0!
A92: CONFIDENCE | B92: =CONFIDENCE(0.05,B91,5) -> #DIV/0! | C92: =CONFIDENCE(0.05,C91,5) -> #DIV/0! | D92: =CONFIDENCE(0.05,D91,5) -> #DIV/0! | E92: =CONFIDENCE(0.05,E91,5) -> #DIV/0! | F92: =CONFIDENCE(0.05,F91,5) -> #DIV/0! | G92: =CONFIDENCE(0.05,G91,5) -> #DIV/0! | H92: =CONFIDENCE(0.05,H91,5) -> #DIV/0!
A94: non-incremental deletions 50%
A95: RUN 1
A96: RUN 2
A97: RUN 3
A98: RUN 4
A99: RUN 5
A100: AVG | B100: =(SUM(B95:B99) -MAX(B95:B99) -MIN(B95:B99))/((COUNT(B95:B99)-2)*1000) -> 0 | C100: =(SUM(C95:C99) -MAX(C95:C99) -MIN(C95:C99))/((COUNT(C95:C99)-2)*1000) -> 0 | D100: =(SUM(D95:D99) -MAX(D95:D99) -MIN(D95:D99))/((COUNT(D95:D99)-2)*1000) -> 0 | E100: =(SUM(E95:E99) -MAX(E95:E99) -MIN(E95:E99))/((COUNT(E95:E99)-2)*1000) -> 0 | F100: =(SUM(F95:F99) -MAX(F95:F99) -MIN(F95:F99))/((COUNT(F95:F99)-2)*1000) -> 0 | G100: =(SUM(G95:G99) -MAX(G95:G99) -MIN(G95:G99))/((COUNT(G95:G99)-2)*1000) -> 0 | H100: =(SUM(H95:H99) -MAX(H95:H99) -MIN(H95:H99))/((COUNT(H95:H99)-2)*1000) -> 0
A101: STDEV | B101: =STDEV(B95:B99)/1000 -> #DIV/0! | C101: =STDEV(C95:C99)/1000 -> #DIV/0! | D101: =STDEV(D95:D99)/1000 -> #DIV/0! | E101: =STDEV(E95:E99)/1000 -> #DIV/0! | F101: =STDEV(F95:F99)/1000 -> #DIV/0! | G101: =STDEV(G95:G99)/1000 -> #DIV/0! | H101: =STDEV(H95:H99)/1000 -> #DIV/0!
A102: CONFIDENCE | B102: =CONFIDENCE(0.05,B101,5) -> #DIV/0! | C102: =CONFIDENCE(0.05,C101,5) -> #DIV/0! | D102: =CONFIDENCE(0.05,D101,5) -> #DIV/0! | E102: =CONFIDENCE(0.05,E101,5) -> #DIV/0! | F102: =CONFIDENCE(0.05,F101,5) -> #DIV/0! | G102: =CONFIDENCE(0.05,G101,5) -> #DIV/0! | H102: =CONFIDENCE(0.05,H101,5) -> #DIV/0!
A104: non-incremental insertions 1%
A105: RUN 1
A106: RUN 2
A107: RUN 3
A108: RUN 4
A109: RUN 5
A110: AVG | B110: =(SUM(B105:B109) -MAX(B105:B109) -MIN(B105:B109))/((COUNT(B105:B109)-2)*1000) -> 0 | C110: =(SUM(C105:C109) -MAX(C105:C109) -MIN(C105:C109))/((COUNT(C105:C109)-2)*1000) -> 0 | D110: =(SUM(D105:D109) -MAX(D105:D109) -MIN(D105:D109))/((COUNT(D105:D109)-2)*1000) -> 0 | E110: =(SUM(E105:E109) -MAX(E105:E109) -MIN(E105:E109))/((COUNT(E105:E109)-2)*1000) -> 0 | F110: =(SUM(F105:F109) -MAX(F105:F109) -MIN(F105:F109))/((COUNT(F105:F109)-2)*1000) -> 0 | G110: =(SUM(G105:G109) -MAX(G105:G109) -MIN(G105:G109))/((COUNT(G105:G109)-2)*1000) -> 0 | H110: =(SUM(H105:H109) -MAX(H105:H109) -MIN(H105:H109))/((COUNT(H105:H109)-2)*1000) -> 0
...

Sheet str - 8k
A1: scalabilityStr - tuples/peer: | B1: 8k
A2: #peers | B2: 2 | C2: 4 | D2: 6 | E2: 8 | F2: 10 | G2: 12
A3: initial solution
A4: RUN 1 | B4: 4727 | C4: 17159 | D4: 47844 | E4: 116520 | F4: 102742 | G4: 304096
A5: RUN 2 | B5: 13138 | C5: 40905 | D5: 125017 | E5: 302194 | F5: 281223 | G5: 800720
A6: RUN 3 | B6: 10797 | C6: 43353 | D6: 122896 | E6: 318103 | F6: 284904 | G6: 1460419
A7: RUN 4 | B7: 8499 | C7: 32760 | D7: 120882 | E7: 319658 | F7: 282285 | G7: 1121275
A8: RUN 5 | B8: 8687 | C8: 33042 | D8: 125568 | E8: 311926 | F8: 313299 | G8: 972275
A9: AVG | B9: =(SUM(B4:B8) -MAX(B4:B8) -MIN(B4:B8))/((COUNT(B4:B8)-2)*1000) -> 9.3276667 | C9: =(SUM(C4:C8) -MAX(C4:C8) -MIN(C4:C8))/((COUNT(C4:C8)-2)*1000) -> 35.569 | D9: =(SUM(D4:D8) -MAX(D4:D8) -MIN(D4:D8))/((COUNT(D4:D8)-2)*1000) -> 122.93167 | E9: =(SUM(E4:E8) -MAX(E4:E8) -MIN(E4:E8))/((COUNT(E4:E8)-2)*1000) -> 310.741 | F9: =(SUM(F4:F8) -MAX(F4:F8) -MIN(F4:F8))/((COUNT(F4:F8)-2)*1000) -> 282.804 | G9: =(SUM(G4:G8) -MAX(G4:G8) -MIN(G4:G8))/((COUNT(G4:G8)-2)*1000) -> 964.75667 | H9: sec
A10: STDEV | B10: =STDEV(B4:B8)/1000 -> 3.1151216 | C10: =STDEV(C4:C8)/1000 -> 10.243113 | D10: =STDEV(D4:D8)/1000 -> 33.925727 | E10: =STDEV(E4:E8)/1000 -> 88.122712 | F10: =STDEV(F4:F8)/1000 -> 84.978512 | G10: =STDEV(G4:G8)/1000 -> 426.66477
A11: CONFIDENCE | B11: =CONFIDENCE(0.05,B10,5) -> 2.7304743 | C11: =CONFIDENCE(0.05,C10,5) -> 8.9783198 | D11: =CONFIDENCE(0.05,D10,5) -> 29.736664 | E11: =CONFIDENCE(0.05,E10,5) -> 77.241544 | F11: =CONFIDENCE(0.05,F10,5) -> 74.485582 | G11: =CONFIDENCE(0.05,G10,5) -> 373.98129
A13: incremental deletions 1%
A14: RUN 1 | B14: 406 | C14: 2027 | D14: 5633 | E14: 7550 | F14: 13682 | G14: 11963
A15: RUN 2 | B15: 435 | C15: 1947 | D15: 5585 | E15: 7333 | F15: 13358 | G15: 11546
A16: RUN 3 | B16: 405 | C16: 1873 | D16: 5551 | E16: 7312 | F16: 13400 | G16: 11714
A17: RUN 4 | B17: 436 | C17: 1840 | D17: 5633 | E17: 7303 | F17: 13979 | G17: 11666
A18: RUN 5 | B18: 343 | C18: 1809 | D18: 5518 | E18: 7237 | F18: 13944 | G18: 13917
A19: AVG | B19: =(SUM(B14:B18) -MAX(B14:B18) -MIN(B14:B18))/((COUNT(B14:B18)-2)*1000) -> 0.41533333 | C19: =(SUM(C14:C18) -MAX(C14:C18) -MIN(C14:C18))/((COUNT(C14:C18)-2)*1000) -> 1.8866667 | D19: =(SUM(D14:D18) -MAX(D14:D18) -MIN(D14:D18))/((COUNT(D14:D18)-2)*1000) -> 5.5896667 | E19: =(SUM(E14:E18) -MAX(E14:E18) -MIN(E14:E18))/((COUNT(E14:E18)-2)*1000) -> 7.316 | F19: =(SUM(F14:F18) -MAX(F14:F18) -MIN(F14:F18))/((COUNT(F14:F18)-2)*1000) -> 13.675333 | G19: =(SUM(G14:G18) -MAX(G14:G18) -MIN(G14:G18))/((COUNT(G14:G18)-2)*1000) -> 11.781 | H19: sec
A20: STDEV | B20: =STDEV(B14:B18)/1000 -> 0.037769035 | C20: =STDEV(C14:C18)/1000 -> 0.087955671 | D20: =STDEV(D14:D18)/1000 -> 0.050616203 | E20: =STDEV(E14:E18)/1000 -> 0.11902311 | F20: =STDEV(F14:F18)/1000 -> 0.29193801 | G20: =STDEV(G14:G18)/1000 -> 0.99320174
A21: CONFIDENCE | B21: =CONFIDENCE(0.05,B20,5) -> 0.03310541 | C21: =CONFIDENCE(0.05,C20,5) -> 0.077095128 | D21: =CONFIDENCE(0.05,D20,5) -> 0.044366243 | E21: =CONFIDENCE(0.05,E20,5) -> 0.10432644 | F21: =CONFIDENCE(0.05,F20,5) -> 0.25589024 | G21: =CONFIDENCE(0.05,G20,5) -> 0.87056371
A23: incremental deletions 10%
A24: RUN 1 | B24: 609 | C24: 2200 | D24: 7098 | E24: 9190 | F24: 16817 | G24: 14541
A25: RUN 2 | B25: 748 | C25: 2355 | D25: 7660 | E25: 9800 | F25: 17930 | G25: 16099
A26: RUN 3 | B26: 640 | C26: 2293 | D26: 7673 | E26: 10004 | F26: 18171 | G26: 15883
A27: RUN 4 | B27: 717 | C27: 2355 | D27: 7691 | E27: 10092 | F27: 18019 | G27: 16832
A28: RUN 5 | B28: 670 | C28: 2293 | D28: 7611 | E28: 9938 | F28: 18235 | G28: 16880
A29: AVG | B29: =(SUM(B24:B28) -MAX(B24:B28) -MIN(B24:B28))/((COUNT(B24:B28)-2)*1000) -> 0.67566667 | C29: =(SUM(C24:C28) -MAX(C24:C28) -MIN(C24:C28))/((COUNT(C24:C28)-2)*1000) -> 2.3136667 | D29: =(SUM(D24:D28) -MAX(D24:D28) -MIN(D24:D28))/((COUNT(D24:D28)-2)*1000) -> 7.648 | E29: =(SUM(E24:E28) -MAX(E24:E28) -MIN(E24:E28))/((COUNT(E24:E28)-2)*1000) -> 9.914 | F29: =(SUM(F24:F28) -MAX(F24:F28) -MIN(F24:F28))/((COUNT(F24:F28)-2)*1000) -> 18.04 | G29: =(SUM(G24:G28) -MAX(G24:G28) -MIN(G24:G28))/((COUNT(G24:G28)-2)*1000) -> 16.271333 | H29: sec
A30: STDEV | B30: =STDEV(B24:B28)/1000 -> 0.056308969 | C30: =STDEV(C24:C28)/1000 -> 0.063531095 | D30: =STDEV(D24:D28)/1000 -> 0.25252584 | E30: =STDEV(E24:E28)/1000 -> 0.3598294 | F30: =STDEV(F24:F28)/1000 -> 0.581399 | G30: =STDEV(G24:G28)/1000 -> 0.9497039
A31: CONFIDENCE | B31: =CONFIDENCE(0.05,B30,5) -> 0.049356081 | C31: =CONFIDENCE(0.05,C30,5) -> 0.055686437 | D31: =CONFIDENCE(0.05,D30,5) -> 0.22134459 | E31: =CONFIDENCE(0.05,E30,5) -> 0.31539858 | F31: =CONFIDENCE(0.05,F30,5) -> 0.50960933 | G31: =CONFIDENCE(0.05,G30,5) -> 0.83243688
A33: incremental deletions 50%
A34: RUN 1 | B34: 1327 | C34: 4009 | D34: 12245 | E34: 18005 | F34: 30611 | G34: 35181
A35: RUN 2 | B35: 1827 | C35: 4743 | D35: 15806 | E35: 19720 | F35: 33262 | G35: 37333
A36: RUN 3 | B36: 1028 | C36: 4774 | D36: 14008 | E36: 19624 | F36: 37474 | G36: 32439
A37: RUN 4 | B37: 811 | C37: 4605 | D37: 13757 | E37: 20249 | F37: 35444 | G37: 32749
A38: RUN 5 | B38: 766 | C38: 4587 | D38: 14053 | E38: 19781 | F38: 35798 | G38: 32429
A39: AVG | B39: =(SUM(B34:B38) -MAX(B34:B38) -MIN(B34:B38))/((COUNT(B34:B38)-2)*1000) -> 1.0553333 | C39: =(SUM(C34:C38) -MAX(C34:C38) -MIN(C34:C38))/((COUNT(C34:C38)-2)*1000) -> 4.645 | D39: =(SUM(D34:D38) -MAX(D34:D38) -MIN(D34:D38))/((COUNT(D34:D38)-2)*1000) -> 13.939333 | E39: =(SUM(E34:E38) -MAX(E34:E38) -MIN(E34:E38))/((COUNT(E34:E38)-2)*1000) -> 19.708333 | F39: =(SUM(F34:F38) -MAX(F34:F38) -MIN(F34:F38))/((COUNT(F34:F38)-2)*1000) -> 34.834667 | G39: =(SUM(G34:G38) -MAX(G34:G38) -MIN(G34:G38))/((COUNT(G34:G38)-2)*1000) -> 33.456333 | H39: sec
A40: STDEV | B40: =STDEV(B34:B38)/1000 -> 0.43786493 | C40: =STDEV(C34:C38)/1000 -> 0.30995774 | D40: =STDEV(D34:D38)/1000 -> 1.264926 | E40: =STDEV(E34:E38)/1000 -> 0.8567139 | F40: =STDEV(F34:F38)/1000 -> 2.6493394 | G40: =STDEV(G34:G38)/1000 -> 2.1777271
A41: CONFIDENCE | B41: =CONFIDENCE(0.05,B40,5) -> 0.38379848 | C41: =CONFIDENCE(0.05,C40,5) -> 0.27168494 | D41: =CONFIDENCE(0.05,D40,5) -> 1.1087361 | E41: =CONFIDENCE(0.05,E40,5) -> 0.75092904 | F41: =CONFIDENCE(0.05,F40,5) -> 2.3222057 | G41: =CONFIDENCE(0.05,G40,5) -> 1.9088269
A43: incremental insertions 1%
A44: RUN 1 | B44: 1139 | C44: 5086 | D44: 11108 | E44: 19888 | F44: 18815 | G44: 33321
A45: RUN 2 | B45: 1029 | C45: 5009 | D45: 11247 | E45: 20014 | F45: 18960 | G45: 36786
A46: RUN 3 | B46: 1045 | C46: 5119 | D46: 11108 | E46: 20298 | F46: 18600 | G46: 32913
A47: RUN 4 | B47: 1030 | C47: 4835 | D47: 11215 | E47: 20149 | F47: 18627 | G47: 40979
A48: RUN 5 | B48: 1046 | C48: 5194 | D48: 11168 | E48: 20061 | F48: 18548 | G48: 33447
A49: AVG | B49: =(SUM(B44:B48) -MAX(B44:B48) -MIN(B44:B48))/((COUNT(B44:B48)-2)*1000) -> 1.0403333 | C49: =(SUM(C44:C48) -MAX(C44:C48) -MIN(C44:C48))/((COUNT(C44:C48)-2)*1000) -> 5.0713333 | D49: =(SUM(D44:D48) -MAX(D44:D48) -MIN(D44:D48))/((COUNT(D44:D48)-2)*1000) -> 11.163667 | E49: =(SUM(E44:E48) -MAX(E44:E48) -MIN(E44:E48))/((COUNT(E44:E48)-2)*1000) -> 20.074667 | F49: =(SUM(F44:F48) -MAX(F44:F48) -MIN(F44:F48))/((COUNT(F44:F48)-2)*1000) -> 18.680667 | G49: =(SUM(G44:G48) -MAX(G44:G48) -MIN(G44:G48))/((COUNT(G44:G48)-2)*1000) -> 34.518 | H49: sec
A50: STDEV | B50: =STDEV(B44:B48)/1000 -> 0.046094468 | C50: =STDEV(C44:C48)/1000 -> 0.13664662 | D50: =STDEV(D44:D48)/1000 -> 0.06253559 | E50: =STDEV(E44:E48)/1000 -> 0.15317147 | F50: =STDEV(F44:F48)/1000 -> 0.17230641 | G50: =STDEV(G44:G48)/1000 -> 3.4397701
A51: CONFIDENCE | B51: =CONFIDENCE(0.05,B50,5) -> 0.04040284 | C51: =CONFIDENCE(0.05,C50,5) -> 0.11977385 | D51: =CONFIDENCE(0.05,D50,5) -> 0.054813854 | E51: =CONFIDENCE(0.05,E50,5) -> 0.13425825 | F51: =CONFIDENCE(0.05,F50,5) -> 0.15103045 | G51: =CONFIDENCE(0.05,G50,5) -> 3.015036
A53: incremental insertions 10%
A54: RUN 1 | B54: 1577 | C54: 8159 | D54: 18565 | E54: 37879 | F54: 36909 | G54: 73724
A55: RUN 2 | B55: 1623 | C55: 8956 | D55: 21029 | E55: 38750 | F55: 37347 | G55: 76251
A56: RUN 3 | B56: 1497 | C56: 9625 | D56: 19951 | E56: 41572 | F56: 42870 | G56: 87688
A57: RUN 4 | B57: 1483 | C57: 7314 | D57: 19639 | E57: 40408 | F57: 43460 | G57: 114226
A58: RUN 5 | B58: 1557 | C58: 6988 | D58: 19735 | E58: 40311 | F58: 40621 | G58: 93244
A59: AVG | B59: =(SUM(B54:B58) -MAX(B54:B58) -MIN(B54:B58))/((COUNT(B54:B58)-2)*1000) -> 1.5436667 | C59: =(SUM(C54:C58) -MAX(C54:C58) -MIN(C54:C58))/((COUNT(C54:C58)-2)*1000) -> 8.143 | D59: =(SUM(D54:D58) -MAX(D54:D58) -MIN(D54:D58))/((COUNT(D54:D58)-2)*1000) -> 19.775 | E59: =(SUM(E54:E58) -MAX(E54:E58) -MIN(E54:E58))/((COUNT(E54:E58)-2)*1000) -> 39.823 | F59: =(SUM(F54:F58) -MAX(F54:F58) -MIN(F54:F58))/((COUNT(F54:F58)-2)*1000) -> 40.279333 | G59: =(SUM(G54:G58) -MAX(G54:G58) -MIN(G54:G58))/((COUNT(G54:G58)-2)*1000) -> 85.727667 | H59: sec
A60: STDEV | B60: =STDEV(B54:B58)/1000 -> 0.057816953 | C60: =STDEV(C54:C58)/1000 -> 1.1019788 | D60: =STDEV(D54:D58)/1000 -> 0.87853583 | E60: =STDEV(E54:E58)/1000 -> 1.4630644 | F60: =STDEV(F54:F58)/1000 -> 3.0370817 | G60: =STDEV(G54:G58)/1000 -> 16.217071
A61: CONFIDENCE | B61: =CONFIDENCE(0.05,B60,5) -> 0.050677862 | C61: =CONFIDENCE(0.05,C60,5) -> 0.96590927 | D61: =CONFIDENCE(0.05,D60,5) -> 0.77005646 | E61: =CONFIDENCE(0.05,E60,5) -> 1.2824089 | F61: =CONFIDENCE(0.05,F60,5) -> 2.6620706 | G61: =CONFIDENCE(0.05,G60,5) -> 14.214628
A63: incremental insertions 50%
A64: RUN 1 | B64: 4491 | C64: 23525 | D64: 78483 | E64: 147344 | F64: 167828 | G64: 427504
A65: RUN 2 | B65: 4649 | C65: 25209 | D65: 90464 | E65: 160070 | F65: 172662 | G65: 419126
A66: RUN 3 | B66: 2605 | C66: 22868 | D66: 92589 | E66: 164692 | F66: 175985 | G66: 480669
A67: RUN 4 | B67: 2669 | C67: 25628 | D67: 92663 | E67: 167106 | F67: 175208 | G67: 496598
A68: RUN 5 | B68: 2655 | C68: 25285 | D68: 94369 | E68: 155971 | F68: 174766 | G68: 412843
A69: AVG | B69: =(SUM(B64:B68) -MAX(B64:B68) -MIN(B64:B68))/((COUNT(B64:B68)-2)*1000) -> 3.2716667 | C69: =(SUM(C64:C68) -MAX(C64:C68) -MIN(C64:C68))/((COUNT(C64:C68)-2)*1000) -> 24.673 | D69: =(SUM(D64:D68) -MAX(D64:D68) -MIN(D64:D68))/((COUNT(D64:D68)-2)*1000) -> 91.905333 | E69: =(SUM(E64:E68) -MAX(E64:E68) -MIN(E64:E68))/((COUNT(E64:E68)-2)*1000) -> 160.24433 | F69: =(SUM(F64:F68) -MAX(F64:F68) -MIN(F64:F68))/((COUNT(F64:F68)-2)*1000) -> 174.212 | G69: =(SUM(G64:G68) -MAX(G64:G68) -MIN(G64:G68))/((COUNT(G64:G68)-2)*1000) -> 442.433 | H69: sec
A70: STDEV | B70: =STDEV(B64:B68)/1000 -> 1.0572063 | C70: =STDEV(C64:C68)/1000 -> 1.2252851 | D70: =STDEV(D64:D68)/1000 -> 6.4290184 | E70: =STDEV(E64:E68)/1000 -> 7.8147533 | F70: =STDEV(F64:F68)/1000 -> 3.2919657 | G70: =STDEV(G64:G68)/1000 -> 38.460084
A71: CONFIDENCE | B71: =CONFIDENCE(0.05,B70,5) -> 0.92666517 | C71: =CONFIDENCE(0.05,C70,5) -> 1.07399 | D71: =CONFIDENCE(0.05,D70,5) -> 5.6351796 | E71: =CONFIDENCE(0.05,E70,5) -> 6.8498075 | F71: =CONFIDENCE(0.05,F70,5) -> 2.8854821 | G71: =CONFIDENCE(0.05,G70,5) -> 33.71113
A73: ------------------------------------------------------------------------------------------------------------------------------------------------------------------------------
A74: non-incremental deletions 1%
A75: RUN 1
A76: RUN 2
A77: RUN 3
A78: RUN 4
A79: RUN 5
A80: AVG | B80: =(SUM(B75:B79) -MAX(B75:B79) -MIN(B75:B79))/((COUNT(B75:B79)-2)*1000) -> 0 | C80: =(SUM(C75:C79) -MAX(C75:C79) -MIN(C75:C79))/((COUNT(C75:C79)-2)*1000) -> 0 | D80: =(SUM(D75:D79) -MAX(D75:D79) -MIN(D75:D79))/((COUNT(D75:D79)-2)*1000) -> 0 | E80: =(SUM(E75:E79) -MAX(E75:E79) -MIN(E75:E79))/((COUNT(E75:E79)-2)*1000) -> 0 | F80: =(SUM(F75:F79) -MAX(F75:F79) -MIN(F75:F79))/((COUNT(F75:F79)-2)*1000) -> 0 | G80: =(SUM(G75:G79) -MAX(G75:G79) -MIN(G75:G79))/((COUNT(G75:G79)-2)*1000) -> 0 | H80: =(SUM(H75:H79) -MAX(H75:H79) -MIN(H75:H79))/((COUNT(H75:H79)-2)*1000) -> 0
A81: STDEV | B81: =STDEV(B75:B79)/1000 -> #DIV/0! | C81: =STDEV(C75:C79)/1000 -> #DIV/0! | D81: =STDEV(D75:D79)/1000 -> #DIV/0! | E81: =STDEV(E75:E79)/1000 -> #DIV/0! | F81: =STDEV(F75:F79)/1000 -> #DIV/0! | G81: =STDEV(G75:G79)/1000 -> #DIV/0! | H81: =STDEV(H75:H79)/1000 -> #DIV/0!
A82: CONFIDENCE | B82: =CONFIDENCE(0.05,B81,5) -> #DIV/0! | C82: =CONFIDENCE(0.05,C81,5) -> #DIV/0! | D82: =CONFIDENCE(0.05,D81,5) -> #DIV/0! | E82: =CONFIDENCE(0.05,E81,5) -> #DIV/0! | F82: =CONFIDENCE(0.05,F81,5) -> #DIV/0! | G82: =CONFIDENCE(0.05,G81,5) -> #DIV/0! | H82: =CONFIDENCE(0.05,H81,5) -> #DIV/0!
A84: non-incremental deletions 10%
A85: RUN 1
A86: RUN 2
A87: RUN 3
A88: RUN 4
A89: RUN 5
A90: AVG | B90: =(SUM(B85:B89) -MAX(B85:B89) -MIN(B85:B89))/((COUNT(B85:B89)-2)*1000) -> 0 | C90: =(SUM(C85:C89) -MAX(C85:C89) -MIN(C85:C89))/((COUNT(C85:C89)-2)*1000) -> 0 | D90: =(SUM(D85:D89) -MAX(D85:D89) -MIN(D85:D89))/((COUNT(D85:D89)-2)*1000) -> 0 | E90: =(SUM(E85:E89) -MAX(E85:E89) -MIN(E85:E89))/((COUNT(E85:E89)-2)*1000) -> 0 | F90: =(SUM(F85:F89) -MAX(F85:F89) -MIN(F85:F89))/((COUNT(F85:F89)-2)*1000) -> 0 | G90: =(SUM(G85:G89) -MAX(G85:G89) -MIN(G85:G89))/((COUNT(G85:G89)-2)*1000) -> 0 | H90: =(SUM(H85:H89) -MAX(H85:H89) -MIN(H85:H89))/((COUNT(H85:H89)-2)*1000) -> 0
A91: STDEV | B91: =STDEV(B85:B89)/1000 -> #DIV/0! | C91: =STDEV(C85:C89)/1000 -> #DIV/0! | D91: =STDEV(D85:D89)/1000 -> #DIV/0! | E91: =STDEV(E85:E89)/1000 -> #DIV/0! | F91: =STDEV(F85:F89)/1000 -> #DIV/0! | G91: =STDEV(G85:G89)/1000 -> #DIV/0! | H91: =STDEV(H85:H89)/1000 -> #DIV/0!
A92: CONFIDENCE | B92: =CONFIDENCE(0.05,B91,5) -> #DIV/0! | C92: =CONFIDENCE(0.05,C91,5) -> #DIV/0! | D92: =CONFIDENCE(0.05,D91,5) -> #DIV/0! | E92: =CONFIDENCE(0.05,E91,5) -> #DIV/0! | F92: =CONFIDENCE(0.05,F91,5) -> #DIV/0! | G92: =CONFIDENCE(0.05,G91,5) -> #DIV/0! | H92: =CONFIDENCE(0.05,H91,5) -> #DIV/0!
A94: non-incremental deletions 50%
A95: RUN 1
A96: RUN 2
A97: RUN 3
A98: RUN 4
A99: RUN 5
A100: AVG | B100: =(SUM(B95:B99) -MAX(B95:B99) -MIN(B95:B99))/((COUNT(B95:B99)-2)*1000) -> 0 | C100: =(SUM(C95:C99) -MAX(C95:C99) -MIN(C95:C99))/((COUNT(C95:C99)-2)*1000) -> 0 | D100: =(SUM(D95:D99) -MAX(D95:D99) -MIN(D95:D99))/((COUNT(D95:D99)-2)*1000) -> 0 | E100: =(SUM(E95:E99) -MAX(E95:E99) -MIN(E95:E99))/((COUNT(E95:E99)-2)*1000) -> 0 | F100: =(SUM(F95:F99) -MAX(F95:F99) -MIN(F95:F99))/((COUNT(F95:F99)-2)*1000) -> 0 | G100: =(SUM(G95:G99) -MAX(G95:G99) -MIN(G95:G99))/((COUNT(G95:G99)-2)*1000) -> 0 | H100: =(SUM(H95:H99) -MAX(H95:H99) -MIN(H95:H99))/((COUNT(H95:H99)-2)*1000) -> 0
A101: STDEV | B101: =STDEV(B95:B99)/1000 -> #DIV/0! | C101: =STDEV(C95:C99)/1000 -> #DIV/0! | D101: =STDEV(D95:D99)/1000 -> #DIV/0! | E101: =STDEV(E95:E99)/1000 -> #DIV/0! | F101: =STDEV(F95:F99)/1000 -> #DIV/0! | G101: =STDEV(G95:G99)/1000 -> #DIV/0! | H101: =STDEV(H95:H99)/1000 -> #DIV/0!
A102: CONFIDENCE | B102: =CONFIDENCE(0.05,B101,5) -> #DIV/0! | C102: =CONFIDENCE(0.05,C101,5) -> #DIV/0! | D102: =CONFIDENCE(0.05,D101,5) -> #DIV/0! | E102: =CONFIDENCE(0.05,E101,5) -> #DIV/0! | F102: =CONFIDENCE(0.05,F101,5) -> #DIV/0! | G102: =CONFIDENCE(0.05,G101,5) -> #DIV/0! | H102: =CONFIDENCE(0.05,H101,5) -> #DIV/0!
A104: non-incremental insertions 1%
A105: RUN 1
A106: RUN 2
A107: RUN 3
A108: RUN 4
A109: RUN 5
A110: AVG | B110: =(SUM(B105:B109) -MAX(B105:B109) -MIN(B105:B109))/((COUNT(B105:B109)-2)*1000) -> 0 | C110: =(SUM(C105:C109) -MAX(C105:C109) -MIN(C105:C109))/((COUNT(C105:C109)-2)*1000) -> 0 | D110: =(SUM(D105:D109) -MAX(D105:D109) -MIN(D105:D109))/((COUNT(D105:D109)-2)*1000) -> 0 | E110: =(SUM(E105:E109) -MAX(E105:E109) -MIN(E105:E109))/((COUNT(E105:E109)-2)*1000) -> 0 | F110: =(SUM(F105:F109) -MAX(F105:F109) -MIN(F105:F109))/((COUNT(F105:F109)-2)*1000) -> 0 | G110: =(SUM(G105:G109) -MAX(G105:G109) -MIN(G105:G109))/((COUNT(G105:G109)-2)*1000) -> 0 | H110: =(SUM(H105:H109) -MAX(H105:H109) -MIN(H105:H109))/((COUNT(H105:H109)-2)*1000) -> 0
...

Sheet str - 10k
A1: scalabilityStr - tuples/peer: | B1: 10k
A2: #peers | B2: 2 | C2: 4 | D2: 6 | E2: 8 | F2: 10
A3: initial solution
A4: RUN 1 | B4: 4773 | C4: 21016 | D4: 60823 | E4: 171977 | F4: 149497
A5: RUN 2 | B5: 9688 | C5: 57391 | D5: 177297 | E5: 467629 | F5: 407570
A6: RUN 3 | B6: 9720 | C6: 58141 | D6: 200475 | E6: 426927 | F6: 412889
A7: RUN 4 | B7: 7941 | C7: 58159 | D7: 218498 | E7: 413370 | F7: 411126
A8: RUN 5 | B8: 8112 | C8: 56801 | D8: 222486 | E8: 410841 | F8: 549083
A9: AVG | B9: =(SUM(B4:B8) -MAX(B4:B8) -MIN(B4:B8))/((COUNT(B4:B8)-2)*1000) -> 8.5803333 | C9: =(SUM(C4:C8) -MAX(C4:C8) -MIN(C4:C8))/((COUNT(C4:C8)-2)*1000) -> 57.444333 | D9: =(SUM(D4:D8) -MAX(D4:D8) -MIN(D4:D8))/((COUNT(D4:D8)-2)*1000) -> 198.75667 | E9: =(SUM(E4:E8) -MAX(E4:E8) -MIN(E4:E8))/((COUNT(E4:E8)-2)*1000) -> 417.046 | F9: =(SUM(F4:F8) -MAX(F4:F8) -MIN(F4:F8))/((COUNT(F4:F8)-2)*1000) -> 410.52833 | G9: sec
A10: STDEV | B10: =STDEV(B4:B8)/1000 -> 2.014097 | C10: =STDEV(C4:C8)/1000 -> 16.380958 | D10: =STDEV(D4:D8)/1000 -> 66.770955 | E10: =STDEV(E4:E8)/1000 -> 117.47568 | F10: =STDEV(F4:F8)/1000 -> 145.21478
A11: CONFIDENCE | B11: =CONFIDENCE(0.05,B10,5) -> 1.7654014 | C11: =CONFIDENCE(0.05,C10,5) -> 14.358279 | D11: =CONFIDENCE(0.05,D10,5) -> 58.526247 | E11: =CONFIDENCE(0.05,E10,5) -> 102.97008 | F11: =CONFIDENCE(0.05,F10,5) -> 127.28403
A13: incremental deletions 1%
A14: RUN 1 | B14: 423 | C14: 2198 | D14: 5940 | E14: 7674 | F14: 14543
A15: RUN 2 | B15: 328 | C15: 2138 | D15: 5820 | E15: 7399 | F15: 13741
A16: RUN 3 | B16: 359 | C16: 2025 | D16: 5817 | E16: 7360 | F16: 13839
A17: RUN 4 | B17: 357 | C17: 2077 | D17: 5846 | E17: 7298 | F17: 13539
A18: RUN 5 | B18: 345 | C18: 2090 | D18: 5725 | E18: 7442 | F18: 13838
A19: AVG | B19: =(SUM(B14:B18) -MAX(B14:B18) -MIN(B14:B18))/((COUNT(B14:B18)-2)*1000) -> 0.35366667 | C19: =(SUM(C14:C18) -MAX(C14:C18) -MIN(C14:C18))/((COUNT(C14:C18)-2)*1000) -> 2.1016667 | D19: =(SUM(D14:D18) -MAX(D14:D18) -MIN(D14:D18))/((COUNT(D14:D18)-2)*1000) -> 5.8276667 | E19: =(SUM(E14:E18) -MAX(E14:E18) -MIN(E14:E18))/((COUNT(E14:E18)-2)*1000) -> 7.4003333 | F19: =(SUM(F14:F18) -MAX(F14:F18) -MIN(F14:F18))/((COUNT(F14:F18)-2)*1000) -> 13.806 | G19: sec
A20: STDEV | B20: =STDEV(B14:B18)/1000 -> 0.036052739 | C20: =STDEV(C14:C18)/1000 -> 0.06546984 | D20: =STDEV(D14:D18)/1000 -> 0.076891482 | E20: =STDEV(E14:E18)/1000 -> 0.14392637 | F20: =STDEV(F14:F18)/1000 -> 0.37967618
A21: CONFIDENCE | B21: =CONFIDENCE(0.05,B20,5) -> 0.031601039 | C21: =CONFIDENCE(0.05,C20,5) -> 0.057385791 | D21: =CONFIDENCE(0.05,D20,5) -> 0.067397117 | E21: =CONFIDENCE(0.05,E20,5) -> 0.12615471 | F21: =CONFIDENCE(0.05,F20,5) -> 0.33279473
A23: incremental deletions 10%
A24: RUN 1 | B24: 419 | C24: 2669 | D24: 7802 | E24: 9858 | F24: 18004
A25: RUN 2 | B25: 483 | C25: 3102 | D25: 8438 | E25: 10809 | F25: 19625
A26: RUN 3 | B26: 482 | C26: 3027 | D26: 8424 | E26: 10811 | F26: 19500
A27: RUN 4 | B27: 437 | C27: 3029 | D27: 8346 | E27: 10939 | F27: 19387
A28: RUN 5 | B28: 452 | C28: 3011 | D28: 8548 | E28: 11342 | F28: 20503
A29: AVG | B29: =(SUM(B24:B28) -MAX(B24:B28) -MIN(B24:B28))/((COUNT(B24:B28)-2)*1000) -> 0.457 | C29: =(SUM(C24:C28) -MAX(C24:C28) -MIN(C24:C28))/((COUNT(C24:C28)-2)*1000) -> 3.0223333 | D29: =(SUM(D24:D28) -MAX(D24:D28) -MIN(D24:D28))/((COUNT(D24:D28)-2)*1000) -> 8.4026667 | E29: =(SUM(E24:E28) -MAX(E24:E28) -MIN(E24:E28))/((COUNT(E24:E28)-2)*1000) -> 10.853 | F29: =(SUM(F24:F28) -MAX(F24:F28) -MIN(F24:F28))/((COUNT(F24:F28)-2)*1000) -> 19.504 | G29: sec
A30: STDEV | B30: =STDEV(B24:B28)/1000 -> 0.028023205 | C30: =STDEV(C24:C28)/1000 -> 0.1705925 | D30: =STDEV(D24:D28)/1000 -> 0.29384145 | E30: =STDEV(E24:E28)/1000 -> 0.54521436 | F30: =STDEV(F24:F28)/1000 -> 0.89807388
A31: CONFIDENCE | B31: =CONFIDENCE(0.05,B30,5) -> 0.024562971 | C31: =CONFIDENCE(0.05,C30,5) -> 0.14952817 | D31: =CONFIDENCE(0.05,D30,5) -> 0.25755866 | E31: =CONFIDENCE(0.05,E30,5) -> 0.47789268 | F31: =CONFIDENCE(0.05,F30,5) -> 0.787182
A33: incremental deletions 50%
A34: RUN 1 | B34: 920 | C34: 5303 | D34: 14631 | E34: 21310 | F34: 49043
A35: RUN 2 | B35: 1107 | C35: 6240 | D35: 17132 | E35: 23666 | F35: 50094
A36: RUN 3 | B36: 997 | C36: 6192 | D36: 17685 | E36: 22961 | F36: 45363
A37: RUN 4 | B37: 1061 | C37: 6193 | D37: 16972 | E37: 22962 | F37: 43773
A38: RUN 5 | B38: 921 | C38: 6193 | D38: 17223 | E38: 23990 | F38: 41075
A39: AVG | B39: =(SUM(B34:B38) -MAX(B34:B38) -MIN(B34:B38))/((COUNT(B34:B38)-2)*1000) -> 0.993 | C39: =(SUM(C34:C38) -MAX(C34:C38) -MIN(C34:C38))/((COUNT(C34:C38)-2)*1000) -> 6.1926667 | D39: =(SUM(D34:D38) -MAX(D34:D38) -MIN(D34:D38))/((COUNT(D34:D38)-2)*1000) -> 17.109 | E39: =(SUM(E34:E38) -MAX(E34:E38) -MIN(E34:E38))/((COUNT(E34:E38)-2)*1000) -> 23.196333 | F39: =(SUM(F34:F38) -MAX(F34:F38) -MIN(F34:F38))/((COUNT(F34:F38)-2)*1000) -> 46.059667 | G39: sec
A40: STDEV | B40: =STDEV(B34:B38)/1000 -> 0.08338585 | C40: =STDEV(C34:C38)/1000 -> 0.40368391 | D40: =STDEV(D34:D38)/1000 -> 1.202189 | E40: =STDEV(E34:E38)/1000 -> 1.0344391 | F40: =STDEV(F34:F38)/1000 -> 3.7268146
A41: CONFIDENCE | B41: =CONFIDENCE(0.05,B40,5) -> 0.073089577 | C41: =CONFIDENCE(0.05,C40,5) -> 0.35383805 | D41: =CONFIDENCE(0.05,D40,5) -> 1.0537457 | E41: =CONFIDENCE(0.05,E40,5) -> 0.90670917 | F41: =CONFIDENCE(0.05,F40,5) -> 3.266637
A43: incremental insertions 1%
A44: RUN 1 | B44: 1074 | C44: 5556 | D44: 12403 | E44: 21122 | F44: 20063
A45: RUN 2 | B45: 1047 | C45: 5443 | D45: 13198 | E45: 21260 | F45: 20327
A46: RUN 3 | B46: 1030 | C46: 5319 | D46: 15398 | E46: 21059 | F46: 20216
A47: RUN 4 | B47: 1042 | C47: 5381 | D47: 13201 | E47: 24570 | F47: 20154
A48: RUN 5 | B48: 1042 | C48: 5272 | D48: 13555 | E48: 22386 | F48: 20813
A49: AVG | B49: =(SUM(B44:B48) -MAX(B44:B48) -MIN(B44:B48))/((COUNT(B44:B48)-2)*1000) -> 1.0436667 | C49: =(SUM(C44:C48) -MAX(C44:C48) -MIN(C44:C48))/((COUNT(C44:C48)-2)*1000) -> 5.381 | D49: =(SUM(D44:D48) -MAX(D44:D48) -MIN(D44:D48))/((COUNT(D44:D48)-2)*1000) -> 13.318 | E49: =(SUM(E44:E48) -MAX(E44:E48) -MIN(E44:E48))/((COUNT(E44:E48)-2)*1000) -> 21.589333 | F49: =(SUM(F44:F48) -MAX(F44:F48) -MIN(F44:F48))/((COUNT(F44:F48)-2)*1000) -> 20.232333 | G49: sec
A50: STDEV | B50: =STDEV(B44:B48)/1000 -> 0.016340135 | C50: =STDEV(C44:C48)/1000 -> 0.11104369 | D50: =STDEV(D44:D48)/1000 -> 1.1153966 | E50: =STDEV(E44:E48)/1000 -> 1.493849 | F50: =STDEV(F44:F48)/1000 -> 0.29469187
A51: CONFIDENCE | B51: =CONFIDENCE(0.05,B50,5) -> 0.014322496 | C51: =CONFIDENCE(0.05,C50,5) -> 0.097332293 | D51: =CONFIDENCE(0.05,D50,5) -> 0.97767023 | E51: =CONFIDENCE(0.05,E50,5) -> 1.3093923 | F51: =CONFIDENCE(0.05,F50,5) -> 0.25830407
A53: incremental insertions 10%
A54: RUN 1 | B54: 1653 | C54: 9359 | D54: 26828 | E54: 52213 | F54: 52154
A55: RUN 2 | B55: 1546 | C55: 10143 | D55: 28564 | E55: 51606 | F55: 57207
A56: RUN 3 | B56: 1576 | C56: 11013 | D56: 29998 | E56: 50278 | F56: 56516
A57: RUN 4 | B57: 1511 | C57: 11199 | D57: 25800 | E57: 52368 | F57: 56803
A58: RUN 5 | B58: 1496 | C58: 10666 | D58: 25553 | E58: 50279 | F58: 49422
A59: AVG | B59: =(SUM(B54:B58) -MAX(B54:B58) -MIN(B54:B58))/((COUNT(B54:B58)-2)*1000) -> 1.5443333 | C59: =(SUM(C54:C58) -MAX(C54:C58) -MIN(C54:C58))/((COUNT(C54:C58)-2)*1000) -> 10.607333 | D59: =(SUM(D54:D58) -MAX(D54:D58) -MIN(D54:D58))/((COUNT(D54:D58)-2)*1000) -> 27.064 | E59: =(SUM(E54:E58) -MAX(E54:E58) -MIN(E54:E58))/((COUNT(E54:E58)-2)*1000) -> 51.366 | F59: =(SUM(F54:F58) -MAX(F54:F58) -MIN(F54:F58))/((COUNT(F54:F58)-2)*1000) -> 55.157667 | G59: sec
A60: STDEV | B60: =STDEV(B54:B58)/1000 -> 0.06231613 | C60: =STDEV(C54:C58)/1000 -> 0.74259276 | D60: =STDEV(D54:D58)/1000 -> 1.8967 | E60: =STDEV(E54:E58)/1000 -> 1.0176992 | F60: =STDEV(F54:F58)/1000 -> 3.4624425
A61: CONFIDENCE | B61: =CONFIDENCE(0.05,B60,5) -> 0.054621492 | C61: =CONFIDENCE(0.05,C60,5) -> 0.65089929 | D61: =CONFIDENCE(0.05,D60,5) -> 1.6625003 | E61: =CONFIDENCE(0.05,E60,5) -> 0.8920363 | F61: =CONFIDENCE(0.05,F60,5) -> 3.0349089
A63: incremental insertions 50%
A64: RUN 1 | B64: 3995 | C64: 32366 | D64: 94397 | E64: 210165 | F64: 211601
A65: RUN 2 | B65: 4430 | C65: 39729 | D65: 109295 | E65: 234219 | F65: 234425
A66: RUN 3 | B66: 4230 | C66: 36981 | D66: 117408 | E66: 292968 | F66: 232128
A67: RUN 4 | B67: 4136 | C67: 41830 | D67: 120606 | E67: 265876 | F67: 283205
A68: RUN 5 | B68: 4043 | C68: 36601 | D68: 117514 | E68: 234531 | F68: 253641
A69: AVG | B69: =(SUM(B64:B68) -MAX(B64:B68) -MIN(B64:B68))/((COUNT(B64:B68)-2)*1000) -> 4.1363333 | C69: =(SUM(C64:C68) -MAX(C64:C68) -MIN(C64:C68))/((COUNT(C64:C68)-2)*1000) -> 37.770333 | D69: =(SUM(D64:D68) -MAX(D64:D68) -MIN(D64:D68))/((COUNT(D64:D68)-2)*1000) -> 114.739 | E69: =(SUM(E64:E68) -MAX(E64:E68) -MIN(E64:E68))/((COUNT(E64:E68)-2)*1000) -> 244.87533 | F69: =(SUM(F64:F68) -MAX(F64:F68) -MIN(F64:F68))/((COUNT(F64:F68)-2)*1000) -> 240.06467 | G69: sec
A70: STDEV | B70: =STDEV(B64:B68)/1000 -> 0.17252449 | C70: =STDEV(C64:C68)/1000 -> 3.576061 | D70: =STDEV(D64:D68)/1000 -> 10.615729 | E70: =STDEV(E64:E68)/1000 -> 32.184954 | F70: =STDEV(F64:F68)/1000 -> 26.959697
A71: CONFIDENCE | B71: =CONFIDENCE(0.05,B70,5) -> 0.15122161 | C71: =CONFIDENCE(0.05,C70,5) -> 3.1344981 | D71: =CONFIDENCE(0.05,D70,5) -> 9.3049262 | E71: =CONFIDENCE(0.05,E70,5) -> 28.210838 | F71: =CONFIDENCE(0.05,F70,5) -> 23.630782
A73: ------------------------------------------------------------------------------------------------------------------------------------------------------------------------------
A74: non-incremental deletions 1%
A75: RUN 1
A76: RUN 2
A77: RUN 3
A78: RUN 4
A79: RUN 5
A80: AVG | B80: =(SUM(B75:B79) -MAX(B75:B79) -MIN(B75:B79))/((COUNT(B75:B79)-2)*1000) -> 0 | C80: =(SUM(C75:C79) -MAX(C75:C79) -MIN(C75:C79))/((COUNT(C75:C79)-2)*1000) -> 0 | D80: =(SUM(D75:D79) -MAX(D75:D79) -MIN(D75:D79))/((COUNT(D75:D79)-2)*1000) -> 0 | E80: =(SUM(E75:E79) -MAX(E75:E79) -MIN(E75:E79))/((COUNT(E75:E79)-2)*1000) -> 0 | F80: =(SUM(F75:F79) -MAX(F75:F79) -MIN(F75:F79))/((COUNT(F75:F79)-2)*1000) -> 0 | G80: =(SUM(G75:G79) -MAX(G75:G79) -MIN(G75:G79))/((COUNT(G75:G79)-2)*1000) -> 0 | H80: =(SUM(H75:H79) -MAX(H75:H79) -MIN(H75:H79))/((COUNT(H75:H79)-2)*1000) -> 0
A81: STDEV | B81: =STDEV(B75:B79)/1000 -> #DIV/0! | C81: =STDEV(C75:C79)/1000 -> #DIV/0! | D81: =STDEV(D75:D79)/1000 -> #DIV/0! | E81: =STDEV(E75:E79)/1000 -> #DIV/0! | F81: =STDEV(F75:F79)/1000 -> #DIV/0! | G81: =STDEV(G75:G79)/1000 -> #DIV/0! | H81: =STDEV(H75:H79)/1000 -> #DIV/0!
A82: CONFIDENCE | B82: =CONFIDENCE(0.05,B81,5) -> #DIV/0! | C82: =CONFIDENCE(0.05,C81,5) -> #DIV/0! | D82: =CONFIDENCE(0.05,D81,5) -> #DIV/0! | E82: =CONFIDENCE(0.05,E81,5) -> #DIV/0! | F82: =CONFIDENCE(0.05,F81,5) -> #DIV/0! | G82: =CONFIDENCE(0.05,G81,5) -> #DIV/0! | H82: =CONFIDENCE(0.05,H81,5) -> #DIV/0!
A84: non-incremental deletions 10%
A85: RUN 1
A86: RUN 2
A87: RUN 3
A88: RUN 4
A89: RUN 5
A90: AVG | B90: =(SUM(B85:B89) -MAX(B85:B89) -MIN(B85:B89))/((COUNT(B85:B89)-2)*1000) -> 0 | C90: =(SUM(C85:C89) -MAX(C85:C89) -MIN(C85:C89))/((COUNT(C85:C89)-2)*1000) -> 0 | D90: =(SUM(D85:D89) -MAX(D85:D89) -MIN(D85:D89))/((COUNT(D85:D89)-2)*1000) -> 0 | E90: =(SUM(E85:E89) -MAX(E85:E89) -MIN(E85:E89))/((COUNT(E85:E89)-2)*1000) -> 0 | F90: =(SUM(F85:F89) -MAX(F85:F89) -MIN(F85:F89))/((COUNT(F85:F89)-2)*1000) -> 0 | G90: =(SUM(G85:G89) -MAX(G85:G89) -MIN(G85:G89))/((COUNT(G85:G89)-2)*1000) -> 0 | H90: =(SUM(H85:H89) -MAX(H85:H89) -MIN(H85:H89))/((COUNT(H85:H89)-2)*1000) -> 0
A91: STDEV | B91: =STDEV(B85:B89)/1000 -> #DIV/0! | C91: =STDEV(C85:C89)/1000 -> #DIV/0! | D91: =STDEV(D85:D89)/1000 -> #DIV/0! | E91: =STDEV(E85:E89)/1000 -> #DIV/0! | F91: =STDEV(F85:F89)/1000 -> #DIV/0! | G91: =STDEV(G85:G89)/1000 -> #DIV/0! | H91: =STDEV(H85:H89)/1000 -> #DIV/0!
A92: CONFIDENCE | B92: =CONFIDENCE(0.05,B91,5) -> #DIV/0! | C92: =CONFIDENCE(0.05,C91,5) -> #DIV/0! | D92: =CONFIDENCE(0.05,D91,5) -> #DIV/0! | E92: =CONFIDENCE(0.05,E91,5) -> #DIV/0! | F92: =CONFIDENCE(0.05,F91,5) -> #DIV/0! | G92: =CONFIDENCE(0.05,G91,5) -> #DIV/0! | H92: =CONFIDENCE(0.05,H91,5) -> #DIV/0!
A94: non-incremental deletions 50%
A95: RUN 1
A96: RUN 2
A97: RUN 3
A98: RUN 4
A99: RUN 5
A100: AVG | B100: =(SUM(B95:B99) -MAX(B95:B99) -MIN(B95:B99))/((COUNT(B95:B99)-2)*1000) -> 0 | C100: =(SUM(C95:C99) -MAX(C95:C99) -MIN(C95:C99))/((COUNT(C95:C99)-2)*1000) -> 0 | D100: =(SUM(D95:D99) -MAX(D95:D99) -MIN(D95:D99))/((COUNT(D95:D99)-2)*1000) -> 0 | E100: =(SUM(E95:E99) -MAX(E95:E99) -MIN(E95:E99))/((COUNT(E95:E99)-2)*1000) -> 0 | F100: =(SUM(F95:F99) -MAX(F95:F99) -MIN(F95:F99))/((COUNT(F95:F99)-2)*1000) -> 0 | G100: =(SUM(G95:G99) -MAX(G95:G99) -MIN(G95:G99))/((COUNT(G95:G99)-2)*1000) -> 0 | H100: =(SUM(H95:H99) -MAX(H95:H99) -MIN(H95:H99))/((COUNT(H95:H99)-2)*1000) -> 0
A101: STDEV | B101: =STDEV(B95:B99)/1000 -> #DIV/0! | C101: =STDEV(C95:C99)/1000 -> #DIV/0! | D101: =STDEV(D95:D99)/1000 -> #DIV/0! | E101: =STDEV(E95:E99)/1000 -> #DIV/0! | F101: =STDEV(F95:F99)/1000 -> #DIV/0! | G101: =STDEV(G95:G99)/1000 -> #DIV/0! | H101: =STDEV(H95:H99)/1000 -> #DIV/0!
A102: CONFIDENCE | B102: =CONFIDENCE(0.05,B101,5) -> #DIV/0! | C102: =CONFIDENCE(0.05,C101,5) -> #DIV/0! | D102: =CONFIDENCE(0.05,D101,5) -> #DIV/0! | E102: =CONFIDENCE(0.05,E101,5) -> #DIV/0! | F102: =CONFIDENCE(0.05,F101,5) -> #DIV/0! | G102: =CONFIDENCE(0.05,G101,5) -> #DIV/0! | H102: =CONFIDENCE(0.05,H101,5) -> #DIV/0!
A104: non-incremental insertions 1%
A105: RUN 1
A106: RUN 2
A107: RUN 3
A108: RUN 4
A109: RUN 5
A110: AVG | B110: =(SUM(B105:B109) -MAX(B105:B109) -MIN(B105:B109))/((COUNT(B105:B109)-2)*1000) -> 0 | C110: =(SUM(C105:C109) -MAX(C105:C109) -MIN(C105:C109))/((COUNT(C105:C109)-2)*1000) -> 0 | D110: =(SUM(D105:D109) -MAX(D105:D109) -MIN(D105:D109))/((COUNT(D105:D109)-2)*1000) -> 0 | E110: =(SUM(E105:E109) -MAX(E105:E109) -MIN(E105:E109))/((COUNT(E105:E109)-2)*1000) -> 0 | F110: =(SUM(F105:F109) -MAX(F105:F109) -MIN(F105:F109))/((COUNT(F105:F109)-2)*1000) -> 0 | G110: =(SUM(G105:G109) -MAX(G105:G109) -MIN(G105:G109))/((COUNT(G105:G109)-2)*1000) -> 0 | H110: =(SUM(H105:H109) -MAX(H105:H109) -MIN(H105:H109))/((COUNT(H105:H109)-2)*1000) -> 0
...

Sheet str - 10p
A1: scalabilityInt - vs #peers: | B1: 10
A2: #tuples | B2: ='str - 2k'!B1 -> 2k | C2: ='str - 4k'!B1 -> 4k | D2: ='str - 6k'!B1 -> 6k | E2: ='str - 8k'!B1 -> 8k | F2: ='str - 10k'!B1 -> 10k
A3: initial solution
A4: RUN 1 | B4: ='str - 2k'!B4:B11 -> 26395 | C4: ='str - 4k'!C4:C11 -> 43120 | D4: ='str - 6k'!F4:F11 -> 63199 | E4: ='str - 8k'!F4:F11 -> 102742 | F4: ='str - 10k'!F4:F11 -> 149497
A5: RUN 2 | B5: ='str - 2k'!B5:B12 -> 42416 | C5: ='str - 4k'!C5:C12 -> 98906 | D5: ='str - 6k'!F5:F12 -> 183222 | E5: ='str - 8k'!F5:F12 -> 281223 | F5: ='str - 10k'!F5:F12 -> 407570
A6: RUN 3 | B6: ='str - 2k'!B6:B13 -> 44615 | C6: ='str - 4k'!C6:C13 -> 97438 | D6: ='str - 6k'!F6:F13 -> 183550 | E6: ='str - 8k'!F6:F13 -> 284904 | F6: ='str - 10k'!F6:F13 -> 412889
A7: RUN 4 | B7: ='str - 2k'!B7:B14 -> 42430 | C7: ='str - 4k'!C7:C14 -> 97189 | D7: ='str - 6k'!F7:F14 -> 182333 | E7: ='str - 8k'!F7:F14 -> 282285 | F7: ='str - 10k'!F7:F14 -> 411126
A8: RUN 5 | B8: ='str - 2k'!B8:B15 -> 33214 | C8: ='str - 4k'!C8:C15 -> 97548 | D8: ='str - 6k'!F8:F15 -> 182382 | E8: ='str - 8k'!F8:F15 -> 313299 | F8: ='str - 10k'!F8:F15 -> 549083
A9: AVG | B9: ='str - 2k'!B9:B16 -> 39.353333 | C9: ='str - 4k'!C9:C16 -> 97.391667 | D9: ='str - 6k'!F9:F16 -> 182.64567 | E9: ='str - 8k'!F9:F16 -> 282.804 | F9: ='str - 10k'!F9:F16 -> 410.52833 | G9: sec
A10: STDEV | B10: ='str - 2k'!B10:B17 -> 7.7506939 | C10: ='str - 4k'!C10:C17 -> 24.449476 | D10: ='str - 6k'!F10:F17 -> 53.52188 | E10: ='str - 8k'!F10:F17 -> 84.978512 | F10: ='str - 10k'!F10:F17 -> 145.21478
A11: CONFIDENCE | B11: ='str - 2k'!B11:B18 -> 6.7936579 | C11: ='str - 4k'!C11:C18 -> 21.430516 | D11: ='str - 6k'!F11:F18 -> 46.913134 | E11: ='str - 8k'!F11:F18 -> 74.485582 | F11: ='str - 10k'!F11:F18 -> 127.28403
B12: ='str - 2k'!B12:B19 -> 0 | C12: ='str - 4k'!C12:C19 -> 0 | D12: ='str - 6k'!F12:F19 -> 0 | E12: ='str - 8k'!F12:F19 -> 0 | F12: ='str - 10k'!F12:F19 -> 0
A13: incremental deletions 1% | B13: ='str - 2k'!B13:B20 -> 0 | C13: ='str - 4k'!C13:C20 -> 0 | D13: ='str - 6k'!F13:F20 -> 0 | E13: ='str - 8k'!F13:F20 -> 0 | F13: ='str - 10k'!F13:F20 -> 0
A14: RUN 1 | B14: ='str - 2k'!B14:B21 -> 12183 | C14: ='str - 4k'!C14:C21 -> 13007 | D14: ='str - 6k'!F14:F21 -> 13325 | E14: ='str - 8k'!F14:F21 -> 13682 | F14: ='str - 10k'!F14:F21 -> 14543
A15: RUN 2 | B15: ='str - 2k'!B15:B22 -> 12090 | C15: ='str - 4k'!C15:C22 -> 12556 | D15: ='str - 6k'!F15:F22 -> 13060 | E15: ='str - 8k'!F15:F22 -> 13358 | F15: ='str - 10k'!F15:F22 -> 13741
A16: RUN 3 | B16: ='str - 2k'!B16:B23 -> 11935 | C16: ='str - 4k'!C16:C23 -> 13057 | D16: ='str - 6k'!F16:F23 -> 13243 | E16: ='str - 8k'!F16:F23 -> 13400 | F16: ='str - 10k'!F16:F23 -> 13839
A17: RUN 4 | B17: ='str - 2k'!B17:B24 -> 11936 | C17: ='str - 4k'!C17:C24 -> 12729 | D17: ='str - 6k'!F17:F24 -> 13542 | E17: ='str - 8k'!F17:F24 -> 13979 | F17: ='str - 10k'!F17:F24 -> 13539
A18: RUN 5 | B18: ='str - 2k'!B18:B25 -> 11869 | C18: ='str - 4k'!C18:C25 -> 12262 | D18: ='str - 6k'!F18:F25 -> 13011 | E18: ='str - 8k'!F18:F25 -> 13944 | F18: ='str - 10k'!F18:F25 -> 13838
A19: AVG | B19: ='str - 2k'!B19:B26 -> 11.987 | C19: ='str - 4k'!C19:C26 -> 12.764 | D19: ='str - 6k'!F19:F26 -> 13.209333 | E19: ='str - 8k'!F19:F26 -> 13.675333 | F19: ='str - 10k'!F19:F26 -> 13.806 | G19: sec
A20: STDEV | B20: ='str - 2k'!B20:B27 -> 0.12945772 | C20: ='str - 4k'!C20:C27 -> 0.3288825 | D20: ='str - 6k'!F20:F27 -> 0.21401332 | E20: ='str - 8k'!F20:F27 -> 0.29193801 | F20: ='str - 10k'!F20:F27 -> 0.37967618
A21: CONFIDENCE | B21: ='str - 2k'!B21:B28 -> 0.11347261 | C21: ='str - 4k'!C21:C28 -> 0.28827293 | D21: ='str - 6k'!F21:F28 -> 0.1875875 | E21: ='str - 8k'!F21:F28 -> 0.25589024 | F21: ='str - 10k'!F21:F28 -> 0.33279473
B22: ='str - 2k'!B22:B29 -> 0 | C22: ='str - 4k'!C22:C29 -> 0 | D22: ='str - 6k'!F22:F29 -> 0 | E22: ='str - 8k'!F22:F29 -> 0 | F22: ='str - 10k'!F22:F29 -> 0
A23: incremental deletions 10% | B23: ='str - 2k'!B23:B30 -> 0 | C23: ='str - 4k'!C23:C30 -> 0 | D23: ='str - 6k'!F23:F30 -> 0 | E23: ='str - 8k'!F23:F30 -> 0 | F23: ='str - 10k'!F23:F30 -> 0
A24: RUN 1 | B24: ='str - 2k'!B24:B31 -> 12544 | C24: ='str - 4k'!C24:C31 -> 13684 | D24: ='str - 6k'!F24:F31 -> 15354 | E24: ='str - 8k'!F24:F31 -> 16817 | F24: ='str - 10k'!F24:F31 -> 18004
A25: RUN 2 | B25: ='str - 2k'!B25:B32 -> 12357 | C25: ='str - 4k'!C25:C32 -> 13887 | D25: ='str - 6k'!F25:F32 -> 15945 | E25: ='str - 8k'!F25:F32 -> 17930 | F25: ='str - 10k'!F25:F32 -> 19625
A26: RUN 3 | B26: ='str - 2k'!B26:B33 -> 12248 | C26: ='str - 4k'!C26:C33 -> 13627 | D26: ='str - 6k'!F26:F33 -> 15992 | E26: ='str - 8k'!F26:F33 -> 18171 | F26: ='str - 10k'!F26:F33 -> 19500
A27: RUN 4 | B27: ='str - 2k'!B27:B34 -> 12306 | C27: ='str - 4k'!C27:C34 -> 13668 | D27: ='str - 6k'!F27:F34 -> 16036 | E27: ='str - 8k'!F27:F34 -> 18019 | F27: ='str - 10k'!F27:F34 -> 19387
A28: RUN 5 | B28: ='str - 2k'!B28:B35 -> 12263 | C28: ='str - 4k'!C28:C35 -> 13680 | D28: ='str - 6k'!F28:F35 -> 16890 | E28: ='str - 8k'!F28:F35 -> 18235 | F28: ='str - 10k'!F28:F35 -> 20503
A29: AVG | B29: ='str - 2k'!B29:B36 -> 12.308667 | C29: ='str - 4k'!C29:C36 -> 13.677333 | D29: ='str - 6k'!F29:F36 -> 15.991 | E29: ='str - 8k'!F29:F36 -> 18.04 | F29: ='str - 10k'!F29:F36 -> 19.504 | G29: sec
A30: STDEV | B30: ='str - 2k'!B30:B37 -> 0.11978022 | C30: ='str - 4k'!C30:C37 -> 0.10192497 | D30: ='str - 6k'!F30:F37 -> 0.54872197 | E30: ='str - 8k'!F30:F37 -> 0.581399 | F30: ='str - 10k'!F30:F37 -> 0.89807388
A31: CONFIDENCE | B31: ='str - 2k'!B31:B38 -> 0.10499006 | C31: ='str - 4k'!C31:C38 -> 0.089339536 | D31: ='str - 6k'!F31:F38 -> 0.48096717 | E31: ='str - 8k'!F31:F38 -> 0.50960933 | F31: ='str - 10k'!F31:F38 -> 0.787182
B32: ='str - 2k'!B32:B39 -> 0 | C32: ='str - 4k'!C32:C39 -> 0 | D32: ='str - 6k'!F32:F39 -> 0 | E32: ='str - 8k'!F32:F39 -> 0 | F32: ='str - 10k'!F32:F39 -> 0
A33: incremental deletions 50% | B33: ='str - 2k'!B33:B40 -> 0 | C33: ='str - 4k'!C33:C40 -> 0 | D33: ='str - 6k'!F33:F40 -> 0 | E33: ='str - 8k'!F33:F40 -> 0 | F33: ='str - 10k'!F33:F40 -> 0
A34: RUN 1 | B34: ='str - 2k'!B34:B41 -> 22152 | C34: ='str - 4k'!C34:C41 -> 17360 | D34: ='str - 6k'!F34:F41 -> 25790 | E34: ='str - 8k'!F34:F41 -> 30611 | F34: ='str - 10k'!F34:F41 -> 49043
A35: RUN 2 | B35: ='str - 2k'!B35:B42 -> 13869 | C35: ='str - 4k'!C35:C42 -> 18721 | D35: ='str - 6k'!F35:F42 -> 28189 | E35: ='str - 8k'!F35:F42 -> 33262 | F35: ='str - 10k'!F35:F42 -> 50094
A36: RUN 3 | B36: ='str - 2k'!B36:B43 -> 13510 | C36: ='str - 4k'!C36:C43 -> 19172 | D36: ='str - 6k'!F36:F43 -> 30573 | E36: ='str - 8k'!F36:F43 -> 37474 | F36: ='str - 10k'!F36:F43 -> 45363
A37: RUN 4 | B37: ='str - 2k'!B37:B44 -> 13647 | C37: ='str - 4k'!C37:C44 -> 18846 | D37: ='str - 6k'!F37:F44 -> 26617 | E37: ='str - 8k'!F37:F44 -> 35444 | F37: ='str - 10k'!F37:F44 -> 43773
A38: RUN 5 | B38: ='str - 2k'!B38:B45 -> 13508 | C38: ='str - 4k'!C38:C45 -> 18679 | D38: ='str - 6k'!F38:F45 -> 27251 | E38: ='str - 8k'!F38:F45 -> 35798 | F38: ='str - 10k'!F38:F45 -> 41075
A39: AVG | B39: ='str - 2k'!B39:B46 -> 13.675333 | C39: ='str - 4k'!C39:C46 -> 18.748667 | D39: ='str - 6k'!F39:F46 -> 27.352333 | E39: ='str - 8k'!F39:F46 -> 34.834667 | F39: ='str - 10k'!F39:F46 -> 46.059667 | G39: sec
A40: STDEV | B40: ='str - 2k'!B40:B47 -> 3.8124309 | C40: ='str - 4k'!C40:C47 -> 0.69575951 | D40: ='str - 6k'!F40:F47 -> 1.8381077 | E40: ='str - 8k'!F40:F47 -> 2.6493394 | F40: ='str - 10k'!F40:F47 -> 3.7268146
A41: CONFIDENCE | B41: ='str - 2k'!B41:B48 -> 3.3416817 | C41: ='str - 4k'!C41:C48 -> 0.6098489 | D41: ='str - 6k'!F41:F48 -> 1.6111429 | E41: ='str - 8k'!F41:F48 -> 2.3222057 | F41: ='str - 10k'!F41:F48 -> 3.266637
B42: ='str - 2k'!B42:B49 -> 0 | C42: ='str - 4k'!C42:C49 -> 0 | D42: ='str - 6k'!F42:F49 -> 0 | E42: ='str - 8k'!F42:F49 -> 0 | F42: ='str - 10k'!F42:F49 -> 0
A43: incremental insertions 1% | B43: ='str - 2k'!B43:B50 -> 0 | C43: ='str - 4k'!C43:C50 -> 0 | D43: ='str - 6k'!F43:F50 -> 0 | E43: ='str - 8k'!F43:F50 -> 0 | F43: ='str - 10k'!F43:F50 -> 0
A44: RUN 1 | B44: ='str - 2k'!B44:B51 -> 11979 | C44: ='str - 4k'!C44:C51 -> 15446 | D44: ='str - 6k'!F44:F51 -> 15987 | E44: ='str - 8k'!F44:F51 -> 18815 | F44: ='str - 10k'!F44:F51 -> 20063
A45: RUN 2 | B45: ='str - 2k'!B45:B52 -> 11622 | C45: ='str - 4k'!C45:C52 -> 12994 | D45: ='str - 6k'!F45:F52 -> 15699 | E45: ='str - 8k'!F45:F52 -> 18960 | F45: ='str - 10k'!F45:F52 -> 20327
A46: RUN 3 | B46: ='str - 2k'!B46:B53 -> 11591 | C46: ='str - 4k'!C46:C53 -> 13995 | D46: ='str - 6k'!F46:F53 -> 15664 | E46: ='str - 8k'!F46:F53 -> 18600 | F46: ='str - 10k'!F46:F53 -> 20216
A47: RUN 4 | B47: ='str - 2k'!B47:B54 -> 11608 | C47: ='str - 4k'!C47:C54 -> 14460 | D47: ='str - 6k'!F47:F54 -> 15851 | E47: ='str - 8k'!F47:F54 -> 18627 | F47: ='str - 10k'!F47:F54 -> 20154
A48: RUN 5 | B48: ='str - 2k'!B48:B55 -> 11626 | C48: ='str - 4k'!C48:C55 -> 14338 | D48: ='str - 6k'!F48:F55 -> 15788 | E48: ='str - 8k'!F48:F55 -> 18548 | F48: ='str - 10k'!F48:F55 -> 20813
A49: AVG | B49: ='str - 2k'!B49:B56 -> 11.618667 | C49: ='str - 4k'!C49:C56 -> 14.264333 | D49: ='str - 6k'!F49:F56 -> 15.779333 | E49: ='str - 8k'!F49:F56 -> 18.680667 | F49: ='str - 10k'!F49:F56 -> 20.232333 | G49: sec
A50: STDEV | B50: ='str - 2k'!B50:B57 -> 0.1648111 | C50: ='str - 4k'!C50:C57 -> 0.88384999 | D50: ='str - 6k'!F50:F57 -> 0.12882818 | E50: ='str - 8k'!F50:F57 -> 0.17230641 | F50: ='str - 10k'!F50:F57 -> 0.29469187
A51: CONFIDENCE | B51: ='str - 2k'!B51:B58 -> 0.14446065 | C51: ='str - 4k'!C51:C58 -> 0.77471444 | D51: ='str - 6k'!F51:F58 -> 0.1129208 | E51: ='str - 8k'!F51:F58 -> 0.15103045 | F51: ='str - 10k'!F51:F58 -> 0.25830407
B52: ='str - 2k'!B52:B59 -> 0 | C52: ='str - 4k'!C52:C59 -> 0 | D52: ='str - 6k'!F52:F59 -> 0 | E52: ='str - 8k'!F52:F59 -> 0 | F52: ='str - 10k'!F52:F59 -> 0
A53: incremental insertions 10% | B53: ='str - 2k'!B53:B60 -> 0 | C53: ='str - 4k'!C53:C60 -> 0 | D53: ='str - 6k'!F53:F60 -> 0 | E53: ='str - 8k'!F53:F60 -> 0 | F53: ='str - 10k'!F53:F60 -> 0
A54: RUN 1 | B54: ='str - 2k'!B54:B61 -> 12525 | C54: ='str - 4k'!C54:C61 -> 19018 | D54: ='str - 6k'!F54:F61 -> 29127 | E54: ='str - 8k'!F54:F61 -> 36909 | F54: ='str - 10k'!F54:F61 -> 52154
A55: RUN 2 | B55: ='str - 2k'!B55:B62 -> 12526 | C55: ='str - 4k'!C55:C62 -> 19827 | D55: ='str - 6k'!F55:F62 -> 31077 | E55: ='str - 8k'!F55:F62 -> 37347 | F55: ='str - 10k'!F55:F62 -> 57207
A56: RUN 3 | B56: ='str - 2k'!B56:B63 -> 12356 | C56: ='str - 4k'!C56:C63 -> 19138 | D56: ='str - 6k'!F56:F63 -> 30357 | E56: ='str - 8k'!F56:F63 -> 42870 | F56: ='str - 10k'!F56:F63 -> 56516
A57: RUN 4 | B57: ='str - 2k'!B57:B64 -> 12279 | C57: ='str - 4k'!C57:C64 -> 19095 | D57: ='str - 6k'!F57:F64 -> 30545 | E57: ='str - 8k'!F57:F64 -> 43460 | F57: ='str - 10k'!F57:F64 -> 56803
A58: RUN 5 | B58: ='str - 2k'!B58:B65 -> 12246 | C58: ='str - 4k'!C58:C65 -> 18941 | D58: ='str - 6k'!F58:F65 -> 30810 | E58: ='str - 8k'!F58:F65 -> 40621 | F58: ='str - 10k'!F58:F65 -> 49422
A59: AVG | B59: ='str - 2k'!B59:B66 -> 12.386667 | C59: ='str - 4k'!C59:C66 -> 19.083667 | D59: ='str - 6k'!F59:F66 -> 30.570667 | E59: ='str - 8k'!F59:F66 -> 40.279333 | F59: ='str - 10k'!F59:F66 -> 55.157667 | G59: sec
A60: STDEV | B60: ='str - 2k'!B60:B67 -> 0.13310635 | C60: ='str - 4k'!C60:C67 -> 0.35641647 | D60: ='str - 6k'!F60:F67 -> 0.75306388 | E60: ='str - 8k'!F60:F67 -> 3.0370817 | F60: ='str - 10k'!F60:F67 -> 3.4624425
A61: CONFIDENCE | B61: ='str - 2k'!B61:B68 -> 0.11667071 | C61: ='str - 4k'!C61:C68 -> 0.31240707 | D61: ='str - 6k'!F61:F68 -> 0.66007746 | E61: ='str - 8k'!F61:F68 -> 2.6620706 | F61: ='str - 10k'!F61:F68 -> 3.0349089
B62: ='str - 2k'!B62:B69 -> 0 | C62: ='str - 4k'!C62:C69 -> 0 | D62: ='str - 6k'!F62:F69 -> 0 | E62: ='str - 8k'!F62:F69 -> 0 | F62: ='str - 10k'!F62:F69 -> 0
A63: incremental insertions 50% | B63: ='str - 2k'!B63:B70 -> 0 | C63: ='str - 4k'!C63:C70 -> 0 | D63: ='str - 6k'!F63:F70 -> 0 | E63: ='str - 8k'!F63:F70 -> 0 | F63: ='str - 10k'!F63:F70 -> 0
A64: RUN 1 | B64: ='str - 2k'!B64:B71 -> 19421 | C64: ='str - 4k'!C64:C71 -> 56413 | D64: ='str - 6k'!F64:F71 -> 100326 | E64: ='str - 8k'!F64:F71 -> 167828 | F64: ='str - 10k'!F64:F71 -> 211601
A65: RUN 2 | B65: ='str - 2k'!B65:B72 -> 19498 | C65: ='str - 4k'!C65:C72 -> 63150 | D65: ='str - 6k'!F65:F72 -> 129201 | E65: ='str - 8k'!F65:F72 -> 172662 | F65: ='str - 10k'!F65:F72 -> 234425
A66: RUN 3 | B66: ='str - 2k'!B66:B73 -> 19407 | C66: ='str - 4k'!C66:C73 -> 61702 | D66: ='str - 6k'!F66:F73 -> 125860 | E66: ='str - 8k'!F66:F73 -> 175985 | F66: ='str - 10k'!F66:F73 -> 232128
A67: RUN 4 | B67: ='str - 2k'!B67:B74 -> 19173 | C67: ='str - 4k'!C67:C74 -> 62281 | D67: ='str - 6k'!F67:F74 -> 122071 | E67: ='str - 8k'!F67:F74 -> 175208 | F67: ='str - 10k'!F67:F74 -> 283205
A68: RUN 5 | B68: ='str - 2k'!B68:B75 -> 19733 | C68: ='str - 4k'!C68:C75 -> 62522 | D68: ='str - 6k'!F68:F75 -> 123960 | E68: ='str - 8k'!F68:F75 -> 174766 | F68: ='str - 10k'!F68:F75 -> 253641
A69: AVG | B69: ='str - 2k'!B69:B76 -> 19.442 | C69: ='str - 4k'!C69:C76 -> 62.168333 | D69: ='str - 6k'!F69:F76 -> 123.96367 | E69: ='str - 8k'!F69:F76 -> 174.212 | F69: ='str - 10k'!F69:F76 -> 240.06467 | G69: sec
A70: STDEV | B70: ='str - 2k'!B70:B77 -> 0.20108904 | C70: ='str - 4k'!C70:C77 -> 2.7333676 | D70: ='str - 6k'!F70:F77 -> 11.463341 | E70: ='str - 8k'!F70:F77 -> 3.2919657 | F70: ='str - 10k'!F70:F77 -> 26.959697
A71: CONFIDENCE | B71: ='str - 2k'!B71:B78 -> 0.17625907 | C71: ='str - 4k'!C71:C78 -> 2.3958583 | D71: ='str - 6k'!F71:F78 -> 10.047877 | E71: ='str - 8k'!F71:F78 -> 2.8854821 | F71: ='str - 10k'!F71:F78 -> 23.630782

Sheet int - empty
A1: scalabilityInt - 2000 tuples/peer
A2: #peers
A3: initial solution
A4: RUN 1
A5: RUN 2
A6: RUN 3
A7: RUN 4
A8: RUN 5
A9: AVG | B9: =(SUM(B4:B8) -MAX(B4:B8) -MIN(B4:B8))/((COUNT(B4:B8)-2)*1000) -> 0 | C9: =(SUM(C4:C8) -MAX(C4:C8) -MIN(C4:C8))/((COUNT(C4:C8)-2)*1000) -> 0 | D9: =(SUM(D4:D8) -MAX(D4:D8) -MIN(D4:D8))/((COUNT(D4:D8)-2)*1000) -> 0 | E9: =(SUM(E4:E8) -MAX(E4:E8) -MIN(E4:E8))/((COUNT(E4:E8)-2)*1000) -> 0 | F9: =(SUM(F4:F8) -MAX(F4:F8) -MIN(F4:F8))/((COUNT(F4:F8)-2)*1000) -> 0 | G9: =(SUM(G4:G8) -MAX(G4:G8) -MIN(G4:G8))/((COUNT(G4:G8)-2)*1000) -> 0 | H9: =(SUM(H4:H8) -MAX(H4:H8) -MIN(H4:H8))/((COUNT(H4:H8)-2)*1000) -> 0 | I9: sec
A10: STDEV | B10: =STDEV(B4:B8)/1000 -> #DIV/0! | C10: =STDEV(C4:C8)/1000 -> #DIV/0! | D10: =STDEV(D4:D8)/1000 -> #DIV/0! | E10: =STDEV(E4:E8)/1000 -> #DIV/0! | F10: =STDEV(F4:F8)/1000 -> #DIV/0! | G10: =STDEV(G4:G8)/1000 -> #DIV/0! | H10: =STDEV(H4:H8)/1000 -> #DIV/0!
A11: CONFIDENCE | B11: =CONFIDENCE(0.05,B10,5) -> #DIV/0! | C11: =CONFIDENCE(0.05,C10,5) -> #DIV/0! | D11: =CONFIDENCE(0.05,D10,5) -> #DIV/0! | E11: =CONFIDENCE(0.05,E10,5) -> #DIV/0! | F11: =CONFIDENCE(0.05,F10,5) -> #DIV/0! | G11: =CONFIDENCE(0.05,G10,5) -> #DIV/0! | H11: =CONFIDENCE(0.05,H10,5) -> #DIV/0!
A13: incremental deletions 1%
A14: RUN 1
A15: RUN 2
A16: RUN 3
A17: RUN 4
A18: RUN 5
A19: AVG | B19: =(SUM(B14:B18) -MAX(B14:B18) -MIN(B14:B18))/((COUNT(B14:B18)-2)*1000) -> 0 | C19: =(SUM(C14:C18) -MAX(C14:C18) -MIN(C14:C18))/((COUNT(C14:C18)-2)*1000) -> 0 | D19: =(SUM(D14:D18) -MAX(D14:D18) -MIN(D14:D18))/((COUNT(D14:D18)-2)*1000) -> 0 | E19: =(SUM(E14:E18) -MAX(E14:E18) -MIN(E14:E18))/((COUNT(E14:E18)-2)*1000) -> 0 | F19: =(SUM(F14:F18) -MAX(F14:F18) -MIN(F14:F18))/((COUNT(F14:F18)-2)*1000) -> 0 | G19: =(SUM(G14:G18) -MAX(G14:G18) -MIN(G14:G18))/((COUNT(G14:G18)-2)*1000) -> 0 | H19: =(SUM(H14:H18) -MAX(H14:H18) -MIN(H14:H18))/((COUNT(H14:H18)-2)*1000) -> 0 | I19: sec
A20: STDEV | B20: =STDEV(B14:B18)/1000 -> #DIV/0! | C20: =STDEV(C14:C18)/1000 -> #DIV/0! | D20: =STDEV(D14:D18)/1000 -> #DIV/0! | E20: =STDEV(E14:E18)/1000 -> #DIV/0! | F20: =STDEV(F14:F18)/1000 -> #DIV/0! | G20: =STDEV(G14:G18)/1000 -> #DIV/0! | H20: =STDEV(H14:H18)/1000 -> #DIV/0!
A21: CONFIDENCE | B21: =CONFIDENCE(0.05,B20,5) -> #DIV/0! | C21: =CONFIDENCE(0.05,C20,5) -> #DIV/0! | D21: =CONFIDENCE(0.05,D20,5) -> #DIV/0! | E21: =CONFIDENCE(0.05,E20,5) -> #DIV/0! | F21: =CONFIDENCE(0.05,F20,5) -> #DIV/0! | G21: =CONFIDENCE(0.05,G20,5) -> #DIV/0! | H21: =CONFIDENCE(0.05,H20,5) -> #DIV/0!
A23: incremental deletions 10%
A24: RUN 1
A25: RUN 2
A26: RUN 3
A27: RUN 4
A28: RUN 5
